Product_ID,Product_Title,Product_Type,Product_Published_At,Product_Variant_Id,Variant_Price,Variant_Inventory_Quantity,Variant_Created_At,Product_Created_At,Body_Html,Variant_Title,Option_Names,Option_Values,Image_Ids,Image_Sources
14977894252925,TERESA T-75 BLDC,,2025-01-31T10:59:29Z,55242106470781,33660.0,0,2025-01-31T10:59:30Z,2025-01-31T10:59:29Z,"<p class=""p1""><span class=""s1"">■ </span>Vibrant Intuitive display</p>
<p class=""p1""><span class=""s1"">■ </span>Smart Auto clean</p>
<p class=""p1""><span class=""s1"">■ </span>Silent B.L.D.C Motor</p>
<p class=""p1""><span class=""s1"">■ </span>Gesture control</p>",Default Title,Title,Default Title,73387274797437,https://cdn.shopify.com/s/files/1/0861/4782/5956/files/TeresaNeoT-75_4ee74fac-a4ba-40b4-aacf-e9d7bf145ec3.png?v=1738321314
14973726228861,Combo 4 (Aella 90 + Altius FS 480 + Celia 70 oven + Aida 28 MWO),,2025-01-29T06:06:54Z,55229499048317,142477.0,0,2025-01-29T06:06:55Z,2025-01-29T06:06:54Z,"<div class=""rte description-size--medium"">
<p>Teresa t-90 BLDC + Altius Plus 490 Matt + J70BIO plus oven + J34MWO Plus + Acero 15 S.I.</p>
</div>",Default Title,Title,Default Title,73367146791293,https://cdn.shopify.com/s/files/1/0861/4782/5956/files/COMBO-4.png?v=1738225072
14973724459389,Combo 3 (Teresa 90 plus + Vortex 490),,2025-01-29T06:05:55Z,55229493281149,60657.0,0,2025-01-29T06:05:56Z,2025-01-29T06:05:55Z,,Default Title,Title,Default Title,73367146758525,https://cdn.shopify.com/s/files/1/0861/4782/5956/files/COMBO-3.png?v=1738225071
14973721477501,Combo 2 (Teresa t-90 BLDC + Altius Plus 490 Matt + J70BIO plus oven + J34MWO Plus + Acero 15 S.I.),,2025-01-29T06:07:41Z,55229480632701,230899.0,0,2025-01-29T06:03:34Z,2025-01-29T06:03:34Z,"<div class=""rte description-size--medium"">
<p>Teresa t-90 BLDC + Altius Plus 490 Matt + J70BIO plus oven + J34MWO Plus + Acero 15 S.I.</p>
</div>",Default Title,Title,Default Title,73367146692989,https://cdn.shopify.com/s/files/1/0861/4782/5956/files/COMBO-2.png?v=1738225070
14973698081149,Combo 1 (Teresa NEO I-90 BLDC + Cronus Digi-Step 480 + Diamond ORB 77 BIO + Diamond 34 MWO),,2025-01-29T05:47:52Z,55229409952125,209433.0,0,2025-01-29T05:47:53Z,2025-01-29T05:47:52Z,,Default Title,Title,Default Title,73367146070397,https://cdn.shopify.com/s/files/1/0861/4782/5956/files/COMBO-1.png?v=1738225064
14965647180157,AQUA CHROME 15 FS,,2025-01-25T06:47:50Z,55204989862269,49385.0,0,2025-01-25T06:47:51Z,2025-01-25T06:47:50Z,"<p>■ Freestanding Dishwasher <br><br>■ Advanced germ shield</p>
<p>■ Eco-efficient half load<br><br>■ Flexi-racks</p>",Default Title,Title,Default Title,73365801140605,https://cdn.shopify.com/s/files/1/0861/4782/5956/files/Aqua-Chrome-15.png?v=1738218350
14965644853629,AQUA CHROME 13 FS,,2025-01-25T06:46:26Z,55204983439741,39305.0,0,2025-01-25T06:46:27Z,2025-01-25T06:46:26Z,"<p>■ Freestanding Dishwasher <br><br>■ Advanced features<br><br>■ Intensive Cleaning</p>
<p>■ Quick Wash<br><br></p>",Default Title,Title,Default Title,73365798846845,https://cdn.shopify.com/s/files/1/0861/4782/5956/files/Aqua-Chrome-13.png?v=1738218323
14965599928701,AQUA NOIR 13 FS,,2025-01-25T06:37:34Z,55204911382909,37289.0,0,2025-01-25T06:37:35Z,2025-01-25T06:37:34Z,<p>■ Freestanding Dishwasher <br><br>■ Advanced features<br><br>■ Intensive Cleaning<br><br>■ Quick Wash</p>,Default Title,Title,Default Title,73365803565437,https://cdn.shopify.com/s/files/1/0861/4782/5956/files/Aqua-Noir-13.png?v=1738218423
14965595636093,SAUVE 01,,2025-01-25T06:34:41Z,55204898799997,53849.0,0,2025-01-25T06:34:42Z,2025-01-25T06:34:41Z,"<p> ■ Built-in deep fryer<br><br> ■ 2.7L capacity<br><br> ■ Upto 230<meta charset=""utf-8"">°C temperature<br><br> ■ Operating indicator</p>",Default Title,Title,Default Title,73365907997053,https://cdn.shopify.com/s/files/1/0861/4782/5956/files/SAUVE-01.png?v=1738219492
14965594063229,OLIVIA G,,2025-01-25T06:33:43Z,55204894572925,54707.0,0,2025-01-25T06:33:45Z,2025-01-25T06:33:43Z,"<p> ■ Warming Drawer with full touch control panel<br><br> ■ Special programs: Cups, dishes, food<br><br> ■ Preset functions for dishes and food</p>",Default Title,Title,Default Title,73366184526205,https://cdn.shopify.com/s/files/1/0861/4782/5956/files/OLIVIA-G_05766a35-058a-41a7-b268-2742e7b7e054.png?v=1738221570
14965593244029,BBQ BI 01,,2025-01-25T06:32:56Z,55204892017021,52662.0,0,2025-01-25T06:32:57Z,2025-01-25T06:32:56Z,"<p>■ Barbecue charcoal grill</p>
<p>■ Lava stone BBQ<br><br>■ Enameled grill<br><br>■ Stainless steel design<br></p>",Default Title,Title,Default Title,73365807759741,https://cdn.shopify.com/s/files/1/0861/4782/5956/files/BBQ-BI-01.png?v=1738218458
14965591540093,BELLA 30,,2025-01-25T06:32:07Z,55204887822717,35171.0,0,2025-01-25T06:32:09Z,2025-01-25T06:32:08Z,"<p>■ 2-zone induction hob<br><br>■ Premium SCHOTT vitro ceramic surface<br><br>■ 3500W power, booster function<br><br>■ Auto pan sensor with residual heat indicator</p>",Default Title,Title,Default Title,73365809365373,https://cdn.shopify.com/s/files/1/0861/4782/5956/files/BELLA-30.png?v=1738218489
14965589115261,NEW ELENA 60,,2025-01-25T06:30:44Z,55204877533565,47513.0,0,2025-01-25T06:30:46Z,2025-01-25T06:30:44Z,"<p>■ 4 Zone Induction Hob with Schott Glass<br><br>■ 9 Power levels with booster function<br><br>■ Residual heat indicator,timer function, child lock</p>",Default Title,Title,Default Title,73299265552765,https://cdn.shopify.com/s/files/1/0861/4782/5956/files/Elena60.png?v=1737786645
14965585707389,NERO 60,,2025-01-25T06:28:03Z,55204866326909,39220.0,0,2025-01-25T06:28:04Z,2025-01-25T06:28:03Z,"<p>■ Induction hob </p>
<p>■ Flex zone/ Bridge function<br><br>■ Automatic pan detection with residual heat indicator<br><br>■ Touch control panel with slider and power boost mode</p>",Default Title,Title,Default Title,73299257229693,https://cdn.shopify.com/s/files/1/0861/4782/5956/files/NERO60.jpg?v=1737786478
14965564637565,J34MCST,,2025-01-25T06:13:17Z,55204800954749,92994.0,0,2025-01-25T06:13:18Z,2025-01-25T06:13:17Z,"<p>■ Combi steam oven with grill, convection and microwave <br><br>■ 48 auto cook menu <br><br>■ Full steam with 1.2L water tank<br><br>■ Temperature range: 50<meta charset=""utf-8"">°C - 220<meta charset=""utf-8"">°C, steam temperature up to 100<meta charset=""utf-8"">°C with fast steam   <br>    generation</p>",Default Title,Title,Default Title,73299207520637,https://cdn.shopify.com/s/files/1/0861/4782/5956/files/J34MCST.png?v=1737785598
14965563523453,DIAMOND 50 MWO,,2025-01-25T06:12:08Z,55204797120893,79354.0,0,2025-01-25T06:12:10Z,2025-01-25T06:12:08Z,"<p> ■ Microwave oven with grill and convection<br><br> ■ 14 cooking modes with combi modes with microwave and grill<br><br> ■ Flat bed cavity (no turntable)<br><br> ■ Temperature range: 50<meta charset=""utf-8"">°C - 250<meta charset=""utf-8"">°C</p>",Default Title,Title,Default Title,73299203588477,https://cdn.shopify.com/s/files/1/0861/4782/5956/files/Diamond50MWO.png?v=1737785530
14965561590141,DIAMOND 77 MWO,,2025-01-25T06:11:15Z,55204790665597,93594.0,0,2025-01-25T06:11:16Z,2025-01-25T06:11:15Z,"<p> ■ Microwave oven with grill and convection<br><br> ■ 14 cooking modes with combi modes with microwave and grill<br><br> ■ Flat bed cavity (no turntable)<br><br> ■ Temperature range: 50<meta charset=""utf-8"">°C - 250<meta charset=""utf-8"">°C</p>",Default Title,Title,Default Title,73299198411133,https://cdn.shopify.com/s/files/1/0861/4782/5956/files/Diamond77MWO.png?v=1737785475
14965552284029,SERENE SI 02,,2025-01-25T06:05:16Z,55204762648957,64393.0,0,2025-01-25T06:05:17Z,2025-01-25T06:05:16Z,"<p>■ Semi-integrated dishwasher with 14 place settings<br><br>■ Dual zone wash function<br><br>■ Low water consumption<br><br>■ 6 Wash programs, third layer cutlery basket, electronic control, delay start</p>",Default Title,Title,Default Title,73365925953917,https://cdn.shopify.com/s/files/1/0861/4782/5956/files/Serene_SI_02_bdda7423-5e62-4659-a5e8-5c3a07fe0928.png?v=1738219725
14965550088573,SERENE FI 02,,2025-01-25T06:03:55Z,55204756128125,61593.0,0,2025-01-25T06:03:56Z,2025-01-25T06:03:55Z,"<p>■ Fully-integrated dishwasher with 14 place settings<br><br>■ Dual zone wash function<br><br>■ Low water consumption<br><br>■ 6 Wash programs, third layer cutlery basket, electronic control, delay start</p>",Default Title,Title,Default Title,73342935662973,https://cdn.shopify.com/s/files/1/0861/4782/5956/files/SERENE_FI_02_51847ad2-294c-4dca-a693-7d03009ceaeb.png?v=1738153702
14965543829885,AMARA 7010W,,2025-01-25T05:59:25Z,55204736631165,33215.0,0,2025-01-25T05:59:26Z,2025-01-25T05:59:25Z,"<p>■ Freestanding Washing Machine <br></p>
<p>■ German Engineering, Compact, BLDC  Motor, Quiet Operation</p>
<p>■ Steam shield<br></p>
<p>■ Eco-wash</p>",Default Title,Title,Default Title,73365926117757,https://cdn.shopify.com/s/files/1/0861/4782/5956/files/Amara-7010W_c98abb8e-d007-4e2e-9e3a-63c6005f5ede.png?v=1738219726
14962016813437,MARIA 28,,2025-01-23T13:15:28Z,55190997926269,28414.0,0,2025-01-23T13:15:28Z,2025-01-23T13:15:28Z,"<p class=""p1"">■ Microwave oven with grill function</p>
<p class=""p1"">■ 900W microwave with 5 power levels</p>
<p class=""p1"">■ 8 auto-cook menu</p>
<p class=""p1"">■ Stainless steel cavity</p>",Default Title,Title,Default Title,73365947449725,https://cdn.shopify.com/s/files/1/0861/4782/5956/files/MARIA-28.png?v=1738220119
14962015568253,AIDA 28,,2025-01-23T13:13:01Z,55190995796349,27950.0,0,2025-01-23T13:13:01Z,2025-01-23T13:13:01Z,"<p class=""p1"">■ Microwave oven with grill</p>
<p class=""p1"">■ 8 auto cook menu, 900W microwave with 5 power levels</p>
<p class=""p1"">■ Stainless steel cavity, 2 combination modes, grill combi with microwave</p>",Default Title,Title,Default Title,73365947285885,https://cdn.shopify.com/s/files/1/0861/4782/5956/files/AIDA-28.png?v=1738220118
14962014191997,ENZO,,2025-01-23T13:10:12Z,55190990553469,36557.0,0,2025-01-23T13:10:12Z,2025-01-23T13:10:12Z,"<p class=""p1"">■ Effortless gourmet cooking</p>
<p class=""p1"">■ Dual performance</p>
<p class=""p1"">■ Sleek and intuitive interface</p>",Default Title,Title,Default Title,73365947548029,https://cdn.shopify.com/s/files/1/0861/4782/5956/files/Enzo-28L-Microwave-with-Grill.png?v=1738220119
14962010161533,RIBB 70,,2025-01-23T13:04:21Z,55190980100477,49294.0,0,2025-01-23T13:04:22Z,2025-01-23T13:04:21Z,"<p class=""p1"">■ 9 Functions</p>
<p class=""p1"">■ Rotisserie and food probe</p>
<p class=""p1"">■ 3 layers glass door</p>
<p class=""p1"">■ 3000W power</p>",Default Title,Title,Default Title,73365974614397,https://cdn.shopify.com/s/files/1/0861/4782/5956/files/RIBB-70.png?v=1738220490
14962009506173,CELIA 70,,2025-01-23T13:03:07Z,55190977151357,50918.0,0,2025-01-23T13:03:08Z,2025-01-23T13:03:07Z,"<p class=""p1"">■ Built-in convection oven</p>
<p class=""p1"">■ Triple glass insulation</p>
<p class=""p1"">■ High-quality enamel</p>
<p class=""p1"">■ Adjustable temperature up to 250°C</p>
<p class=""p1"">■ Food probe</p>
<p class=""p1"">■ 3 level grill variation</p>",Default Title,Title,Default Title,73365974483325,https://cdn.shopify.com/s/files/1/0861/4782/5956/files/CELIA-70.png?v=1738220490
14962007867773,J70BIO PLUS,,2025-01-23T13:00:52Z,55190972563837,56310.0,0,2025-01-23T13:00:53Z,2025-01-23T13:00:52Z,"<p class=""p1"">■ 10 Multi functions</p>
<p class=""p1"">■ Rotisserie function with infra red grilling features</p>
<p class=""p1"">■ Triple insulated glass door</p>
<p class=""p1"">■ 4 Heating elements and food probe</p>",Default Title,Title,Default Title,73279382323581,https://cdn.shopify.com/s/files/1/0861/4782/5956/files/J70BIOPLUS.png?v=1737637336
14962006851965,DIAMOND 77 BIO,,2025-01-23T12:58:43Z,55190967288189,67973.0,0,2025-01-23T12:58:44Z,2025-01-23T12:58:44Z,"<p class=""p1"">■ 10 cooking modes</p>
<p class=""p1"">■ High temperature resistant enameling</p>
<p class=""p1"">■ Cool to touch door with premium design</p>
<p class=""p1"">■ Temperature range: 50<meta charset=""utf-8""><span>°C</span> - 250<meta charset=""utf-8""><span>°C</span> </p>",Default Title,Title,Default Title,73365974385021,https://cdn.shopify.com/s/files/1/0861/4782/5956/files/DIAMOND-77-BIO.png?v=1738220490
14961986142589,VORTEX 460,,2025-01-23T12:25:53Z,55190886646141,25753.0,0,2025-01-23T12:25:54Z,2025-01-23T12:25:54Z,"<p class=""p1"">■ High capacity vortex burners</p>
<p class=""p1"">■ Cast iron pan support with heat protector</p>
<p class=""p1"">■ Burners equipped with Flame Failure Safety Device (FFSD) and Electric auto ignition</p>",Default Title,Title,Default Title,73366138126717,https://cdn.shopify.com/s/files/1/0861/4782/5956/files/vortex-460.png?v=1738221322
14961985421693,VORTEX 470,,2025-01-23T12:23:50Z,55190884811133,31720.0,0,2025-01-23T12:23:50Z,2025-01-23T12:23:50Z,"<p class=""p1"">■ High capacity vortex burners</p>
<p class=""p1"">■ Cast iron pan support with heat protector</p>
<p class=""p1"">■ Burners equipped with Flame Failure Safety Device (FFSD) and Electric auto ignition</p>",Default Title,Title,Default Title,73366144123261,https://cdn.shopify.com/s/files/1/0861/4782/5956/files/Vortex-470.png?v=1738221343
14961983914365,ALTIUS FS 360,,2025-01-23T12:21:15Z,55190880911741,28794.0,0,2025-01-23T12:21:16Z,2025-01-23T12:21:16Z,"<p class=""p1"">■ Fully sealed construction with full brass burners</p>
<p class=""p1"">■ Triple burner: 1 x 4.0kW, medium wok burner: 1 x 2.8kW, dual ring burner: 1 x 1.5kW</p>
<p class=""p1"">■ Light finished bevelled edges with 8 mm toughened glass</p>
<p class=""p1"">■ Burners equipped with Flame Failure Safety Device (FFSD) and Electric auto ignition</p>",Default Title,Title,Default Title,73366047883645,https://cdn.shopify.com/s/files/1/0861/4782/5956/files/ALTIUS-FS-360.png?v=1738220875
14961982833021,ALTIUS FS 460,,2025-01-23T12:19:43Z,55190877176189,30883.0,0,2025-01-23T12:19:43Z,2025-01-23T12:19:43Z,"<p class=""p1"">■ Fully sealed construction with full brass burners</p>
<p class=""p1"">■ Woke burner: 1 x 4.0kW, dual ring burners: 3 x 1.5kW</p>
<p class=""p1"">■ Light finished bevelled edges with 8 mm toughened glass</p>
<p class=""p1"">■ Burners equipped with Flame Failure Safety Device (FFSD) and Electric auto ignition</p>",Default Title,Title,Default Title,73366062367101,https://cdn.shopify.com/s/files/1/0861/4782/5956/files/Altius-Fs-460.png?v=1738220938
14961981751677,VORTEX 000,,2025-01-23T12:17:34Z,55190867739005,42894.0,0,2025-01-23T12:17:34Z,2025-01-23T12:17:34Z,"<p class=""p1"">■ High capacity vortex burners</p>
<p class=""p1"">■ Cast iron pan support with heat protector</p>
<p class=""p1"">■ Burners equipped with Flame Failure Safety Device (FFSD) and Electric auto ignition</p>",Default Title,Title,Default Title,73366131278205,https://cdn.shopify.com/s/files/1/0861/4782/5956/files/Vortex-000.png?v=1738221281
14961980440957,VORTEX 378,,2025-01-23T12:14:51Z,55190860005757,29310.0,0,2025-01-23T12:14:51Z,2025-01-23T12:14:51Z,"<p class=""p1"">■ High capacity vortex burners</p>
<p class=""p1"">■ Cast iron pan support with heat protector</p>
<p class=""p1"">■ Burners equipped with Flame Failure Safety Device (FFSD) and Electric auto ignition</p>",Default Title,Title,Default Title,73366133113213,https://cdn.shopify.com/s/files/1/0861/4782/5956/files/VORTEX-378.png?v=1738221303
14961964777853,VORTEX 480,,2025-01-23T12:14:27Z,55190787621245,32445.0,0,2025-01-23T11:41:17Z,2025-01-23T11:41:17Z,"<p class=""p1"">■ High capacity vortex burners</p>
<p class=""p1"">■ Cast iron pan support with heat protector</p>
<p class=""p1"">■ Burners equipped with Flame Failure Safety Device (FFSD) and Electric auto ignition</p>",Default Title,Title,Default Title,73366149792125,https://cdn.shopify.com/s/files/1/0861/4782/5956/files/vortex-480.png?v=1738221371
14961964581245,VORTEX 490,,2025-01-23T11:40:58Z,55190785819005,34095.0,0,2025-01-23T11:40:59Z,2025-01-23T11:40:58Z,"<p class=""p1"">■ High capacity vortex burners</p>
<p class=""p1"">■ Cast iron pan support with heat protector</p>
<p class=""p1"">■ Burners equipped with Flame Failure Safety Device (FFSD) and Electric auto ignition</p>",Default Title,Title,Default Title,73365451833725,https://cdn.shopify.com/s/files/1/0861/4782/5956/files/VORTEX-490.png?v=1738214450
14961963336061,ZETA PLUS 378,,2025-01-23T11:38:41Z,55190782214525,25794.0,0,2025-01-23T11:38:42Z,2025-01-23T11:38:41Z,"<p class=""p1"">■ Full brass burners with direct flame output</p>
<p class=""p1"">■ Triple ring burners: 2 x 5kW, dual ring burner: 1 x 2kW</p>
<p class=""p1"">■ Gun-metal finish knobs</p>
<p class=""p1"">■ Cast iron pan supports</p>
<p class=""p1"">■ Burners equipped with Flame Failure Safety Device (FFSD) and Electric auto ignition</p>",Default Title,Title,Default Title,73366153953661,https://cdn.shopify.com/s/files/1/0861/4782/5956/files/ZETA-378-PLUS.png?v=1738221393
14961959764349,ZETA PLUS 480,,2025-01-23T11:30:56Z,55190770581885,30010.0,0,2025-01-23T11:30:56Z,2025-01-23T11:30:56Z,"<p class=""p1"">■ Full brass burners with direct flame output</p>
<p class=""p1"">■ Triple ring burner: 1 x 5kW, mini triple ring burner: 1 x 3.5kW, dual ring burners: 2 x 2kW</p>
<p class=""p1"">■ Gun-metal finish knobs</p>
<p class=""p1"">■ Cast iron pan supports</p>
<p class=""p1"">■ Burners equipped with Flame Failure Safety Device (FFSD) and Electric auto ignition</p>",Default Title,Title,Default Title,73366155493757,https://cdn.shopify.com/s/files/1/0861/4782/5956/files/ZETA-480-PLUS.png?v=1738221409
14961959240061,VESTA 480,,2025-01-23T11:29:49Z,55190768320893,27495.0,0,2025-01-23T11:29:50Z,2025-01-23T11:29:49Z,"<p class=""p1"">■ Anti-drip burners with direct flame output</p>
<p class=""p1"">■ 8 mm tempered glass panel</p>
<p class=""p1"">■ Wok burner: 1 x 3.6kW, medium burner: 1 x 2.5kW, small burners: 2 x 1.5kW</p>
<p class=""p1"">■ Burners equipped with Flame Failure Safety Device (FFSD) and Electric auto ignition</p>",Default Title,Title,Default Title,73366122398077,https://cdn.shopify.com/s/files/1/0861/4782/5956/files/Vesta-480.png?v=1738221246
14961958977917,VESTA 490,,2025-01-23T11:29:29Z,55190767960445,29495.0,0,2025-01-23T11:29:31Z,2025-01-23T11:29:29Z,"<p class=""p1"">■ Anti-drip burners with direct flame output</p>
<p class=""p1"">■ 8 mm tempered glass panel</p>
<p class=""p1"">■ Wok burners: 2 x 3.6kW, small burners: 2 x 1.5kW</p>
<p class=""p1"">■ Burners equipped with Flame Failure Safety Device (FFSD) and Electric auto ignition</p>",Default Title,Title,Default Title,73366126788989,https://cdn.shopify.com/s/files/1/0861/4782/5956/files/VESTA-490.png?v=1738221261
14961957962109,ALTIUS FS 130,,2025-01-23T11:27:39Z,55190764028285,16793.0,0,2025-01-23T11:27:40Z,2025-01-23T11:27:39Z,"<p class=""p1"">■ Fully sealed construction with full brass burners</p>
<p class=""p1"">■ 4.0kW triple ring burner</p>
<p class=""p1"">■ Light finished bevelled edges with</p>
<p class=""p1"">8 mm toughened glass</p>
<p class=""p1"">■ Burners equipped with Flame Failure Safety</p>
<p class=""p1"">Device (FFSD) and Electric auto ignition</p>",Default Title,Title,Default Title,73366042313085,https://cdn.shopify.com/s/files/1/0861/4782/5956/files/ALTIUS-FS-130_da61926e-acda-44cd-ae04-5208ada3817c.png?v=1738220856
14961956749693,ALTIUS FS 230,,2025-01-23T11:24:20Z,55190758949245,20293.0,0,2025-01-23T11:24:21Z,2025-01-23T11:24:20Z,"<p class=""p1"">■ Fully sealed construction with full brass burners</p>
<p class=""p1"">■ 2.8kW mini triple ring burner, 1.5 kW dual ring burner</p>
<p class=""p1"">■ Light finished bevelled edges with 8 mm toughened glass</p>
<p class=""p1"">■ Burners equipped with Flame Failure Safety Device (FFSD) and Electric auto ignition</p>",Default Title,Title,Default Title,73366037299581,https://cdn.shopify.com/s/files/1/0861/4782/5956/files/ALTIUS-FS-230.png?v=1738220837
14961955864957,ALTIUS FS 378,,2025-01-23T11:22:03Z,55190755017085,31466.0,0,2025-01-23T11:22:05Z,2025-01-23T11:22:03Z,"<p class=""p1"">■ Fully sealed construction with full brass burners</p>
<p class=""p1"">■ Wok burners: 2 x 4.0kW, dual ring burner: 1 x 1.5kW</p>
<p class=""p1"">■ Light finished bevelled edges with 8 mm toughened glass</p>
<p class=""p1"">■ Burners equipped with Flame Failure Safety Device (FFSD) and Electric auto ignition</p>",Default Title,Title,Default Title,73366083109245,https://cdn.shopify.com/s/files/1/0861/4782/5956/files/ALTIUS-FS-378_f4a7439b-7479-447c-9320-57000194441c.png?v=1738221062
14961953964413,ALTIUS FS 390,,2025-01-23T11:17:59Z,55190746235261,34794.0,0,2025-01-23T11:18:01Z,2025-01-23T11:17:59Z,"<p class=""p1"">■ Fully sealed construction with full brass burners</p>
<p class=""p1"">■ Wok burners: 2 x 4.0kW, dual ring burner: 1 x 1.5kW</p>
<p class=""p1"">■ Light finished bevelled edges with 8 mm toughened glass</p>
<p class=""p1"">■ Burners equipped with Flame Failure Safety Device (FFSD) and Electric auto ignition</p>",Default Title,Title,Default Title,73366056927613,https://cdn.shopify.com/s/files/1/0861/4782/5956/files/ALTIUS-FS-390.png?v=1738220918
14961953145213,ALTIUS FS 480,,2025-01-23T11:16:04Z,55190744105341,36824.0,0,2025-01-23T11:16:05Z,2025-01-23T11:16:04Z,"<p class=""p1"">■ Fully sealed construction with full brass burners</p>
<p class=""p1"">■ Wok burner: 1 x 4.0kW, medium wok burner: 1 x 2.8kW, dual ring burner: 2 x 1.5kW</p>
<p class=""p1"">■ Light finished bevelled edges with 8mm toughened glass</p>
<p class=""p1"">■ Burners equipped with Flame Failure Safety Device (FFSD) and Electric auto ignition</p>",Default Title,Title,Default Title,73366066299261,https://cdn.shopify.com/s/files/1/0861/4782/5956/files/ALTIUS-FS-480.png?v=1738220956
14961952260477,ALTIUS FS 490,,2025-01-23T11:14:41Z,55190742073725,39878.0,0,2025-01-23T11:14:42Z,2025-01-23T11:14:41Z,"<p class=""p1"">■ Fully sealed construction with full brass burners</p>
<p class=""p1"">■ Wok burner: 2 x 4.0kW, dual ring burner: 2 x 1.5kW</p>
<p class=""p1"">■ Light finished bevelled edges with 8mm toughened glass</p>
<p class=""p1"">■ Burners equipped with Flame Failure Safety Device (FFSD) and Electric auto ignition</p>",Default Title,Title,Default Title,73366071542141,https://cdn.shopify.com/s/files/1/0861/4782/5956/files/ALTIUS-FS-490.png?v=1738220979
14961951015293,ALTIUS PLUS 000,,2025-01-23T11:12:52Z,55190739288445,51823.0,0,2025-01-23T11:12:53Z,2025-01-23T11:12:52Z,"<p class=""p1"">■ Fully sealed full brass burner</p>
<p class=""p1"">■ Insta ignition</p>
<p class=""p1"">■ Cordless hob</p>",Default Title,Title,Default Title,73366075375997,https://cdn.shopify.com/s/files/1/0861/4782/5956/files/ALTIUS-PLUS-_000.png?v=1738221004
14961950294397,ALTIUS PLUS 378,,2025-01-23T11:10:40Z,55190737518973,39593.0,0,2025-01-23T11:10:41Z,2025-01-23T11:10:40Z,"<p class=""p1"">■ Fully sealed full brass burner</p>
<p class=""p1"">■ Insta ignition</p>
<p class=""p1"">■ Cordless hob</p>",Default Title,Title,Default Title,73366090809725,https://cdn.shopify.com/s/files/1/0861/4782/5956/files/Altius-Plus-378_a0a682b0-eeef-4318-b34f-4266ab0923a3.png?v=1738221081
14961949802877,ALTIUS PLUS 390,,2025-01-23T11:09:32Z,55190735126909,44093.0,0,2025-01-23T11:09:33Z,2025-01-23T11:09:32Z,"<p class=""p1"">■ Fully sealed full brass burner</p>
<p class=""p1"">■ Insta ignition</p>
<p class=""p1"">■ Cordless hob</p>",Default Title,Title,Default Title,73366097985917,https://cdn.shopify.com/s/files/1/0861/4782/5956/files/ALTIUS-PLUS-390.png?v=1738221101
14961900323197,ALTIUS PLUS 490,,2025-01-23T11:03:10Z,55190622273917,48993.0,0,2025-01-23T11:03:11Z,2025-01-23T11:03:10Z,"<p class=""p1"">■ Fully sealed full brass burner</p>
<p class=""p1"">■ Tru matt design</p>
<p class=""p1"">■ Insta ignition</p>
<p class=""p1"">■ Cordless hob</p>",Default Title,Title,Default Title,73366101557629,https://cdn.shopify.com/s/files/1/0861/4782/5956/files/ALTIUS-PLUS-490.png?v=1738221121
14961895473533,ALTIUS PLUS MATT GLASS 390,,2025-01-23T11:01:52Z,55190615851389,46193.0,0,2025-01-23T11:00:52Z,2025-01-23T11:00:52Z,"<p class=""p1"">■ Fully sealed full brass burner</p>
<p class=""p1"">■ Tru matt design</p>
<p class=""p1"">■ Insta ignition</p>
<p class=""p1"">■ Cordless hob</p>",Default Title,Title,Default Title,73277763617149,https://cdn.shopify.com/s/files/1/0861/4782/5956/files/ALTIUSPLUS390.png?v=1737630077
14961888526717,ALTIUS PLUS MATT GLASS 490,,2025-01-23T10:47:00Z,55190590095741,50765.0,0,2025-01-23T10:47:00Z,2025-01-23T10:47:00Z,"<p class=""p1"">■ Fully sealed full brass burner</p>
<p class=""p1"">■ Tru matt design</p>
<p class=""p1"">■ Insta ignition</p>
<p class=""p1"">■ Cordless hob</p>",Default Title,Title,Default Title,73277538533757,https://cdn.shopify.com/s/files/1/0861/4782/5956/files/ALTIUSFS490.png?v=1737629272
14961888395645,CRONUS DIGI-STEP 378,,2025-01-23T10:46:32Z,55190589669757,48903.0,0,2025-01-23T10:46:34Z,2025-01-23T10:46:32Z,"<p class=""p1"">■ Heavy duty full brass burners</p>
<p class=""p1"">■ Multi timer control</p>
<p class=""p1"">■ Graduated Flame Tech (G.F.T)</p>
<p class=""p1"">■ Insta ignition</p>",Default Title,Title,Default Title,73366111224189,https://cdn.shopify.com/s/files/1/0861/4782/5956/files/Cronus_378.png?v=1738221156
14961880498557,VETRA ISOLA 90,,2025-01-23T10:28:38Z,55190548414845,50214.0,0,2025-01-23T10:28:40Z,2025-01-23T10:28:38Z,"<p class=""p1"">■ Island cooker hood with full glass panel &amp; perimetric suction</p>
<p class=""p1"">■ Full touch control with LCD display</p>
<p class=""p1"">■ Aluminum mesh filters</p>
<p class=""p1"">■ Digital timer function</p>",Default Title,Title,Default Title,73366009741693,https://cdn.shopify.com/s/files/1/0861/4782/5956/files/VETRA_ISOLA_90_49108269-d560-493f-a8a7-b1b8a5868e83.png?v=1738220668
14961878532477,CALLIDORA 90,,2025-01-23T10:26:14Z,55190544449917,65093.0,0,2025-01-23T10:26:15Z,2025-01-23T10:26:14Z,"<p class=""p1"">■ 80W BLDC (Brushless DC) motor</p>
<p class=""p1"">■ Gesture + feather touch control panel</p>
<p class=""p1"">■ Perimetric airflow technology</p>",Default Title,Title,Default Title,73365931590013,https://cdn.shopify.com/s/files/1/0861/4782/5956/files/CALLIDORA-90.png?v=1738219806
14961878303101,IVARAA 60,,2025-01-23T10:25:48Z,55190543991165,24045.0,0,2025-01-23T10:25:50Z,2025-01-23T10:25:48Z,"<p class=""p1"">■ Electronic iris touch control,</p>
<p class=""p1"">■ Powerful 255W motor for extra strong suction</p>
<p class=""p1"">■ Filter free hood with auto-open smoke panel</p>",Default Title,Title,Default Title,73277203546493,https://cdn.shopify.com/s/files/1/0861/4782/5956/files/IVARAA60.png?v=1737627925
14961877647741,DATURA PLUS 60,,2025-01-23T10:24:51Z,55190542778749,24434.0,0,2025-01-23T10:24:52Z,2025-01-23T10:24:51Z,"<p class=""p1"">■ Feather touch control panel</p>
<p class=""p1"">■ Anti drip oil filtration system</p>
<p class=""p1"">■ Powerful suction with 195W motor</p>",Default Title,Title,Default Title,73365939159421,https://cdn.shopify.com/s/files/1/0861/4782/5956/files/DATURA-PLUS-60.png?v=1738219909
14961877188989,TERESA T-60 BLDC,,2025-01-23T10:23:45Z,55190541107581,30875.0,0,2025-01-23T10:23:46Z,2025-01-23T10:23:45Z,"<p class=""p1"">■ Vibrant Intuitive display</p>
<p class=""p1"">■ Smart Auto clean</p>
<p class=""p1"">■ Silent B.L.D.C Motor</p>
<p class=""p1"">■ Gesture control</p>",Default Title,Title,Default Title,73365991489917,https://cdn.shopify.com/s/files/1/0861/4782/5956/files/Teresa-Neo-T-60_98c70b0c-8f48-45a9-8f72-191115492e3a.png?v=1738220555
14961876468093,TERESA NEO I-60 BLDC,,2025-01-23T10:21:43Z,55190538584445,39000.0,0,2025-01-23T10:21:45Z,2025-01-23T10:21:43Z,"<p class=""p1"">■ Auto Sense Technology</p>
<p class=""p1"">■ Vibrant intuitive display</p>
<p class=""p1"">■ Silent B.L.D.C Motor</p>
<p class=""p1"">■ Gesture control</p>",Default Title,Title,Default Title,73365979955581,https://cdn.shopify.com/s/files/1/0861/4782/5956/files/Teresa-Neo-INCLINED-60_550cf534-42ee-45a4-9c18-ec9815f861f2.png?v=1738220511
14961876238717,DATURA NEO 90,,2025-01-23T10:20:20Z,55190538158461,29320.0,0,2025-01-23T10:20:21Z,2025-01-23T10:20:20Z,"<p class=""p1"">■ Gesture + feather touch control panel</p>
<p class=""p1"">■ Filter-free cookerhood</p>
<p class=""p1"">■ Heat auto clean technology with anti-drip oil filtration system</p>",Default Title,Title,Default Title,73365936832893,https://cdn.shopify.com/s/files/1/0861/4782/5956/files/DATURA-NEO-90.png?v=1738219870
14961875976573,VETRA 90,,2025-01-23T10:18:57Z,55190537077117,45553.0,0,2025-01-23T10:18:59Z,2025-01-23T10:18:58Z,"<p class=""p1"">■ Powerful perimetric suction</p>
<p class=""p1"">■ Full touch function</p>
<p class=""p1"">■ Easy clean aluminum mesh filter</p>",Default Title,Title,Default Title,73366003974525,https://cdn.shopify.com/s/files/1/0861/4782/5956/files/VETRA_90_43cb597e-06f8-499f-bd8e-e9ec6f0274f1.png?v=1738220653
14961875714429,FRIDA 75,,2025-01-23T10:17:31Z,55190536225149,43058.0,0,2025-01-23T10:17:32Z,2025-01-23T10:17:31Z,"<p class=""p1"">■ Anti-drip oil filtration system</p>
<p class=""p1"">■ Powerful 260W motor</p>
<p class=""p1"">■ Touch control</p>
<p class=""p1"">■ Oil collector with eyelet view</p>",Default Title,Title,Default Title,73365925331325,https://cdn.shopify.com/s/files/1/0861/4782/5956/files/FRIDA-75.png?v=1738219706
14961875517821,LEO 90 PLUS,,2025-01-23T10:16:02Z,55190535831933,28895.0,0,2025-01-23T10:16:03Z,2025-01-23T10:16:02Z,"<p class=""p1"">■ Feather touch control</p>
<p class=""p1"">■ 250W motor for extra strong suction</p>
<p class=""p1"">■ 2 Speed+Boost function</p>
<p class=""p1"">■ Filter Free Hood with big easy to clean oil collector</p>",Default Title,Title,Default Title,73365940896125,https://cdn.shopify.com/s/files/1/0861/4782/5956/files/LEO-90-PLUS.png?v=1738219952
14961875288445,TERESA 90 PLUS,,2025-01-23T10:14:59Z,55190534160765,29755.0,0,2025-01-23T10:15:01Z,2025-01-23T10:14:59Z,"<p class=""p1"">■ Powerful 258W motor for extra strong suction</p>
<p class=""p1"">■ Auto-open smoke panel</p>
<p class=""p1"">■ Feather touch control panel</p>
<p class=""p1"">■ 97% air filtration rate</p>",Default Title,Title,Default Title,73365959147901,https://cdn.shopify.com/s/files/1/0861/4782/5956/files/TERESA-90-PLUS.png?v=1738220252
14961874993533,RHINE 90,,2025-01-23T10:13:30Z,55190533013885,38110.0,0,2025-01-23T10:13:31Z,2025-01-23T10:13:30Z,"<p class=""p1"">■ Filter-free cookerhood with 280W motor</p>
<p class=""p1"">■ Gesture control + feather touch control panel</p>
<p class=""p1"">■ Heat auto clean technology</p>
<p class=""p1"">■ Headfree design with auto-open smoke panel</p>",Default Title,Title,Default Title,73365943189885,https://cdn.shopify.com/s/files/1/0861/4782/5956/files/RHINE-90.png?v=1738220018
14961874600317,FRIDA 90,,2025-01-23T10:12:17Z,55190528786813,45865.0,0,2025-01-23T10:12:18Z,2025-01-23T10:12:17Z,"<p class=""p1"">■ Anti-drip oil filtration system</p>
<p class=""p1"">■ Powerful 260W motor</p>
<p class=""p1"">■ Touch control</p>
<p class=""p1"">■ Oil collector with eyelet view</p>",Default Title,Title,Default Title,73365939847549,https://cdn.shopify.com/s/files/1/0861/4782/5956/files/FRIDA-90.png?v=1738219930
14961873944957,BISCOTTI 80,,2025-01-23T10:10:38Z,55190527410557,46698.0,0,2025-01-23T10:10:40Z,2025-01-23T10:10:38Z,"<p class=""p1"">■ Low noise operation</p>
<p class=""p1"">■ Powerful extraction with 151W German EBM BLDC (Brushless DC) motor</p>
<p class=""p1"">■ Perimeteric extraction panel</p>",Default Title,Title,Default Title,73365930410365,https://cdn.shopify.com/s/files/1/0861/4782/5956/files/BISCOTTI-80.png?v=1738219776
14961873060221,TERESA T-90 BLDC,,2025-01-23T10:08:17Z,55190522495357,36750.0,0,2025-01-23T10:08:18Z,2025-01-23T10:08:17Z,"<p class=""p1"">■ Vibrant Intuitive display</p>
<p class=""p1"">■ Smart Auto clean</p>
<p class=""p1"">■ Silent B.L.D.C Motor</p>
<p class=""p1"">■ Gesture control</p>",Default Title,Title,Default Title,73366000435581,https://cdn.shopify.com/s/files/1/0861/4782/5956/files/Teresa-Neo-T-90.png?v=1738220633
14961872732541,AELLA 90,,2025-01-23T10:07:10Z,55190521971069,44682.0,0,2025-01-23T10:07:11Z,2025-01-23T10:07:10Z,"<p class=""p1"">■ Powerful 150W BLDC (Brushless DC) motor</p>
<p class=""p1"">■ Steam wash function</p>
<p class=""p1"">■ Gesture + feather touch control panel</p>
<p class=""p1"">■ Filter-free cookerhood</p>",Default Title,Title,Default Title,73365926150525,https://cdn.shopify.com/s/files/1/0861/4782/5956/files/AELLA-90.png?v=1738219728
14961872404861,CERAMICA 90,,2025-01-23T10:05:57Z,55190520529277,44657.0,0,2025-01-23T10:05:59Z,2025-01-23T10:05:57Z,"<p class=""p1"">■ Ceramic textured finish,</p>
<p class=""p1"">■ Head-free design with auto-open smoke panel</p>
<p class=""p1"">■ Feather touch control</p>
<p class=""p1"">■ Powerful 268W motor with 96% air filtration rate</p>",Default Title,Title,Default Title,73365932343677,https://cdn.shopify.com/s/files/1/0861/4782/5956/files/CERAMICA-90.png?v=1738219830
14959530213757,NERO 30,,2025-01-22T06:31:49Z,55176790671741,26633.0,0,2025-01-22T06:31:50Z,2025-01-22T06:31:49Z,"<p class=""p1""><span class=""s1"">■ </span>Induction hob</p>
<p class=""p1""><span class=""s1"">■ </span>Flex zone/ Bridge function</p>
<p class=""p1""><span class=""s1"">■ </span>Automatic pan detection with residual heat indicator</p>
<p class=""p1""><span class=""s1"">■ </span>Touch control panel with slider</p>",Default Title,Title,Default Title,73365816115581,https://cdn.shopify.com/s/files/1/0861/4782/5956/files/NERO-30.png?v=1738218652
14957815824765,DIAMOND 77 CST,,2025-01-21T11:54:40Z,55171228893565,96506.0,0,2025-01-21T11:54:42Z,2025-01-21T11:54:40Z,"<p class=""p1""><span class=""s1"">■ </span>Convection &amp; assisted steam oven with grill</p>
<p class=""p1""><span class=""s1"">■ </span>14 cooking modes with combi modes with steam and grill (temperature range from (30<meta charset=""utf-8""><span>°</span>C - 250<span class=""s2""><meta charset=""utf-8"">
<span>°</span></span>C)</p>
<p class=""p1""><span class=""s1"">■ </span>Telescopic shelf supports</p>
<p class=""p1""><span class=""s1"">■ </span>Rotisserie and meat probe</p>
<p class=""p1""><span class=""s1"">■ </span>Dough proving (30<span class=""s2""><meta charset=""utf-8"">
<span>°</span></span>C - 45<span class=""s2""><meta charset=""utf-8"">
<span>°</span></span>C) and sabbath mode</p>",Default Title,Title,Default Title,73252550934909,https://cdn.shopify.com/s/files/1/0861/4782/5956/files/DIAMOND_77_CST.png?v=1737463458
14957813432701,MIDORA 81,,2025-01-21T11:52:49Z,55171221717373,119994.0,0,2025-01-21T11:52:50Z,2025-01-21T11:52:49Z,"<p class=""p1""><span class=""s1"">■ </span>Combi Steam Oven</p>
<p class=""p1""><span class=""s1"">■ </span>Revolutionary steam tech</p>
<p class=""p1""><span class=""s1"">■ </span>Versatile cooking modes</p>
<p class=""p1""><span class=""s1"">■ </span>Soft Open /close and Food Probe</p>",Default Title,Title,Default Title,73365815329149,https://cdn.shopify.com/s/files/1/0861/4782/5956/files/Midora-Steam-Oven.png?v=1738218628
14957809566077,AMARA 8014W,,2025-01-21T11:50:02Z,55171208216957,38610.0,0,2025-01-21T11:50:03Z,2025-01-21T11:50:02Z,"<p class=""p1""><span class=""s1"">■ </span>Freestanding Washing Machine</p>
<p class=""p1""><span class=""s1"">■ </span>German Engineering, Compact, BLDC Motor, Quiet Operation</p>
<p class=""p1""><span class=""s1"">■ </span>Steam shield</p>
<p class=""p1""><span class=""s1"">■ </span>Eco-wash</p>",Default Title,Title,Default Title,73365926084989,https://cdn.shopify.com/s/files/1/0861/4782/5956/files/Amara-8014W_ac2baeaf-392e-46f8-a074-e04161e2721a.png?v=1738219726
14957808255357,AMARA 9014W,,2025-01-21T11:49:09Z,55171204776317,42185.0,0,2025-01-21T11:49:10Z,2025-01-21T11:49:09Z,"<p class=""p1""><span class=""s1"">■ </span>Freestanding Washing Machine</p>
<p class=""p1""><span class=""s1"">■ </span>German Engineering, Compact, BLDC Motor, Quiet Operation</p>
<p class=""p1""><span class=""s1"">■ </span>Steam shield</p>
<p class=""p1""><span class=""s1"">■ </span>Eco-wash</p>",Default Title,Title,Default Title,73365926052221,https://cdn.shopify.com/s/files/1/0861/4782/5956/files/Amara-9014W_b5728d6a-971b-4a11-97da-cbcd5f8d3e2c.png?v=1738219726
14957805863293,ACERO 15 S.I,,2025-01-21T11:47:26Z,55171195339133,69293.0,0,2025-01-21T11:47:27Z,2025-01-21T11:47:26Z,"<p class=""p1""><span class=""s1"">■ </span>Advanced germ shield</p>
<p class=""p1""><span class=""s1"">■ </span>Eco-ffficient half load</p>
<p class=""p1""><span class=""s1"">■ </span>VersaFlex baskets</p>",Default Title,Title,Default Title,73365925691773,https://cdn.shopify.com/s/files/1/0861/4782/5956/files/Acero-SI-15PS_f4a22f59-e546-4f8d-93d6-3aabe8e590cb.png?v=1738219716
14957802062205,VALERIYA 15 S.I,,2025-01-21T11:45:02Z,55171184263549,86093.0,0,2025-01-21T11:45:03Z,2025-01-21T11:45:02Z,"<p class=""p1""><span class=""s1"">■ </span>Vibrant intuitive display</p>
<p class=""p1""><span class=""s1"">■ </span>UV disinfection</p>
<p class=""p1""><span class=""s1"">■ Energy-efficient, </span>quiet operation</p>",Default Title,Title,Default Title,73365926019453,https://cdn.shopify.com/s/files/1/0861/4782/5956/files/Valeriya-SI-15PS_80ea7769-7d48-4627-8746-a136d81d87a9.png?v=1738219726
14957796360573,J34MWO PLUS,,2025-01-21T11:41:39Z,55171165389181,43436.0,0,2025-01-21T11:41:40Z,2025-01-21T11:41:39Z,"<p class=""p1""><span class=""s1"">■ </span>Microwave oven with convection</p>
<p class=""p1""><span class=""s1"">■ </span>Touch open door</p>
<p class=""p1""><span class=""s1"">■ </span>1000W microwave with 5 power levels, 1000W grill</p>
<p class=""p1""><span class=""s1"">■ </span>3 Heating elements (including grill element) with 4 combination cooking modes</p>",Default Title,Title,Default Title,73365947482493,https://cdn.shopify.com/s/files/1/0861/4782/5956/files/J34MWO-PLUS.png?v=1738220119
14957794001277,DIAMOND 34 MWO,,2025-01-21T11:39:49Z,55171157524861,54113.0,0,2025-01-21T11:39:51Z,2025-01-21T11:39:49Z,"<p class=""p1""><span class=""s1"">■ </span>Built-in microwave with grill and convection</p>
<p class=""p1""><span class=""s1"">■ </span>10 primary cooking modes, 4 combination modes</p>
<p class=""p1""><span class=""s1"">■ </span>5 microwave power levels, 1100W grill and 2300W convection</p>",Default Title,Title,Default Title,73365947416957,https://cdn.shopify.com/s/files/1/0861/4782/5956/files/DIAMOND-34-MWO.png?v=1738220119
14957789249917,DIAMOND ORB 77 BIO,,2025-01-21T11:35:54Z,55171144352125,70922.0,0,2025-01-21T11:35:56Z,2025-01-21T11:35:54Z,"<p class=""p1""><span class=""s1"">■ </span>LED knob touch control</p>
<p class=""p1""><span class=""s1"">■ </span>14 cooking modes with temperature range from <meta charset=""utf-8""><em>30</em><span>°C</span> - 250<meta charset=""utf-8""><span>°C</span> </p>
<p class=""p1""><span class=""s1"">■ </span>Telescopic shelf supports</p>
<p class=""p1""><span class=""s1"">■ </span>Rotisserie and meat probe</p>
<p class=""p1""><span class=""s1"">■ </span>Sabbath mode</p>",Default Title,Title,Default Title,73365974712701,https://cdn.shopify.com/s/files/1/0861/4782/5956/files/DIAMOND-ORB-77L-BIO.png?v=1738220490
14957786464637,IRIS 70,,2025-01-21T11:34:04Z,55171133866365,93933.0,0,2025-01-21T11:34:06Z,2025-01-21T11:34:04Z,"<p class=""p1""><span class=""s1"">■ </span>70L TFT built-in Oven with 10 multi functions Including rotisserie function</p>
<p class=""p1""><span class=""s1"">■ </span>Advanced electronic touch control</p>
<p class=""p1""><span class=""s1"">■ </span>Triple insulated glass door</p>
<p class=""p1""><span class=""s1"">■ </span>4 Heating element</p>",Default Title,Title,Default Title,73365974679933,https://cdn.shopify.com/s/files/1/0861/4782/5956/files/IRIS-70.png?v=1738220490
14957781844349,CRONUS DIGI-STEP 480,,2025-01-21T11:31:38Z,55171119350141,55108.0,0,2025-01-21T11:31:40Z,2025-01-21T11:31:38Z,"<p class=""p1""><span class=""s1"">■ </span>Heavy duty full brass burners</p>
<p class=""p1""><span class=""s1"">■ </span>Multi timer control</p>
<p class=""p1""><span class=""s1"">■ </span>Graduated Flame Tech (G.F.T)</p>
<p class=""p1""><span class=""s1"">■ </span>Insta ignition</p>",Default Title,Title,Default Title,73366113354109,https://cdn.shopify.com/s/files/1/0861/4782/5956/files/Cronus_480_c3846dd3-e25a-42f7-bf06-70b3a2e0d4d5.png?v=1738221177
14957781483901,CRONUS DIGI-STEP 590,,2025-01-21T11:30:49Z,55171118563709,61266.0,0,2025-01-21T11:30:51Z,2025-01-21T11:30:49Z,"<p class=""p1""><span class=""s1"">■ </span>Heavy duty full brass burners</p>
<p class=""p1""><span class=""s1"">■ </span>Multi timer control</p>
<p class=""p1""><span class=""s1"">■ </span>Graduated Flame Tech (G.F.T)</p>
<p class=""p1""><span class=""s1"">■ </span>Insta ignition</p>",Default Title,Title,Default Title,73366116335997,https://cdn.shopify.com/s/files/1/0861/4782/5956/files/Cronus_590_f9f5bec4-3e00-4b22-9e78-0b8cf6ff345a.png?v=1738221193
14957580059005,TERESA NEO I-75 BLDC,,2025-01-21T09:51:09Z,55170585330045,44880.0,0,2025-01-21T09:51:10Z,2025-01-21T09:51:09Z,"<p class=""p1""><span class=""s1"">■ </span>Auto Sense Technology</p>
<p class=""p1""><span class=""s1"">■ </span>Vibrant intuitive display</p>
<p class=""p1""><span class=""s1"">■ </span>Silent B.L.D.C Motor</p>
<p class=""p1""><span class=""s1"">■ </span>Gesture control</p>",Default Title,Title,Default Title,73365963735421,https://cdn.shopify.com/s/files/1/0861/4782/5956/files/Teresa-Neo-INCLINED-75.png?v=1738220362
14957575963005,TERESA NEO I-90 BLDC,,2025-01-21T09:48:17Z,55170573959549,52560.0,0,2025-01-21T09:48:18Z,2025-01-21T09:48:17Z,"<p class=""p1""><span class=""s1"">■ </span>Auto Sense Technology</p>
<p class=""p1""><span class=""s1"">■ </span>Vibrant intuitive display</p>
<p class=""p1""><span class=""s1"">■ </span>Silent B.L.D.C Motor</p>
<p class=""p1""><span class=""s1"">■ </span>Gesture control</p>",Default Title,Title,Default Title,73365964915069,https://cdn.shopify.com/s/files/1/0861/4782/5956/files/Teresa-Neo-INCLINED-90.png?v=1738220388
14977894252925,TERESA T-75 BLDC,,2025-01-31T10:59:29Z,55242106470781,33660.0,0,2025-01-31T10:59:30Z,2025-01-31T10:59:29Z,"<p class=""p1""><span class=""s1"">■ </span>Vibrant Intuitive display</p>
<p class=""p1""><span class=""s1"">■ </span>Smart Auto clean</p>
<p class=""p1""><span class=""s1"">■ </span>Silent B.L.D.C Motor</p>
<p class=""p1""><span class=""s1"">■ </span>Gesture control</p>",Default Title,Title,Default Title,73387274797437,https://cdn.shopify.com/s/files/1/0861/4782/5956/files/TeresaNeoT-75_4ee74fac-a4ba-40b4-aacf-e9d7bf145ec3.png?v=1738321314
14973726228861,Combo 4 (Aella 90 + Altius FS 480 + Celia 70 oven + Aida 28 MWO),,2025-01-29T06:06:54Z,55229499048317,142477.0,0,2025-01-29T06:06:55Z,2025-01-29T06:06:54Z,"<div class=""rte description-size--medium"">
<p>Teresa t-90 BLDC + Altius Plus 490 Matt + J70BIO plus oven + J34MWO Plus + Acero 15 S.I.</p>
</div>",Default Title,Title,Default Title,73367146791293,https://cdn.shopify.com/s/files/1/0861/4782/5956/files/COMBO-4.png?v=1738225072
14973724459389,Combo 3 (Teresa 90 plus + Vortex 490),,2025-01-29T06:05:55Z,55229493281149,60657.0,0,2025-01-29T06:05:56Z,2025-01-29T06:05:55Z,,Default Title,Title,Default Title,73367146758525,https://cdn.shopify.com/s/files/1/0861/4782/5956/files/COMBO-3.png?v=1738225071
14973721477501,Combo 2 (Teresa t-90 BLDC + Altius Plus 490 Matt + J70BIO plus oven + J34MWO Plus + Acero 15 S.I.),,2025-01-29T06:07:41Z,55229480632701,230899.0,0,2025-01-29T06:03:34Z,2025-01-29T06:03:34Z,"<div class=""rte description-size--medium"">
<p>Teresa t-90 BLDC + Altius Plus 490 Matt + J70BIO plus oven + J34MWO Plus + Acero 15 S.I.</p>
</div>",Default Title,Title,Default Title,73367146692989,https://cdn.shopify.com/s/files/1/0861/4782/5956/files/COMBO-2.png?v=1738225070
14973698081149,Combo 1 (Teresa NEO I-90 BLDC + Cronus Digi-Step 480 + Diamond ORB 77 BIO + Diamond 34 MWO),,2025-01-29T05:47:52Z,55229409952125,209433.0,0,2025-01-29T05:47:53Z,2025-01-29T05:47:52Z,,Default Title,Title,Default Title,73367146070397,https://cdn.shopify.com/s/files/1/0861/4782/5956/files/COMBO-1.png?v=1738225064
14965647180157,AQUA CHROME 15 FS,,2025-01-25T06:47:50Z,55204989862269,49385.0,0,2025-01-25T06:47:51Z,2025-01-25T06:47:50Z,"<p>■ Freestanding Dishwasher <br><br>■ Advanced germ shield</p>
<p>■ Eco-efficient half load<br><br>■ Flexi-racks</p>",Default Title,Title,Default Title,73365801140605,https://cdn.shopify.com/s/files/1/0861/4782/5956/files/Aqua-Chrome-15.png?v=1738218350
14965644853629,AQUA CHROME 13 FS,,2025-01-25T06:46:26Z,55204983439741,39305.0,0,2025-01-25T06:46:27Z,2025-01-25T06:46:26Z,"<p>■ Freestanding Dishwasher <br><br>■ Advanced features<br><br>■ Intensive Cleaning</p>
<p>■ Quick Wash<br><br></p>",Default Title,Title,Default Title,73365798846845,https://cdn.shopify.com/s/files/1/0861/4782/5956/files/Aqua-Chrome-13.png?v=1738218323
14965599928701,AQUA NOIR 13 FS,,2025-01-25T06:37:34Z,55204911382909,37289.0,0,2025-01-25T06:37:35Z,2025-01-25T06:37:34Z,<p>■ Freestanding Dishwasher <br><br>■ Advanced features<br><br>■ Intensive Cleaning<br><br>■ Quick Wash</p>,Default Title,Title,Default Title,73365803565437,https://cdn.shopify.com/s/files/1/0861/4782/5956/files/Aqua-Noir-13.png?v=1738218423
14965595636093,SAUVE 01,,2025-01-25T06:34:41Z,55204898799997,53849.0,0,2025-01-25T06:34:42Z,2025-01-25T06:34:41Z,"<p> ■ Built-in deep fryer<br><br> ■ 2.7L capacity<br><br> ■ Upto 230<meta charset=""utf-8"">°C temperature<br><br> ■ Operating indicator</p>",Default Title,Title,Default Title,73365907997053,https://cdn.shopify.com/s/files/1/0861/4782/5956/files/SAUVE-01.png?v=1738219492
14965594063229,OLIVIA G,,2025-01-25T06:33:43Z,55204894572925,54707.0,0,2025-01-25T06:33:45Z,2025-01-25T06:33:43Z,"<p> ■ Warming Drawer with full touch control panel<br><br> ■ Special programs: Cups, dishes, food<br><br> ■ Preset functions for dishes and food</p>",Default Title,Title,Default Title,73366184526205,https://cdn.shopify.com/s/files/1/0861/4782/5956/files/OLIVIA-G_05766a35-058a-41a7-b268-2742e7b7e054.png?v=1738221570
14965593244029,BBQ BI 01,,2025-01-25T06:32:56Z,55204892017021,52662.0,0,2025-01-25T06:32:57Z,2025-01-25T06:32:56Z,"<p>■ Barbecue charcoal grill</p>
<p>■ Lava stone BBQ<br><br>■ Enameled grill<br><br>■ Stainless steel design<br></p>",Default Title,Title,Default Title,73365807759741,https://cdn.shopify.com/s/files/1/0861/4782/5956/files/BBQ-BI-01.png?v=1738218458
14965591540093,BELLA 30,,2025-01-25T06:32:07Z,55204887822717,35171.0,0,2025-01-25T06:32:09Z,2025-01-25T06:32:08Z,"<p>■ 2-zone induction hob<br><br>■ Premium SCHOTT vitro ceramic surface<br><br>■ 3500W power, booster function<br><br>■ Auto pan sensor with residual heat indicator</p>",Default Title,Title,Default Title,73365809365373,https://cdn.shopify.com/s/files/1/0861/4782/5956/files/BELLA-30.png?v=1738218489
14965589115261,NEW ELENA 60,,2025-01-25T06:30:44Z,55204877533565,47513.0,0,2025-01-25T06:30:46Z,2025-01-25T06:30:44Z,"<p>■ 4 Zone Induction Hob with Schott Glass<br><br>■ 9 Power levels with booster function<br><br>■ Residual heat indicator,timer function, child lock</p>",Default Title,Title,Default Title,73299265552765,https://cdn.shopify.com/s/files/1/0861/4782/5956/files/Elena60.png?v=1737786645
14965585707389,NERO 60,,2025-01-25T06:28:03Z,55204866326909,39220.0,0,2025-01-25T06:28:04Z,2025-01-25T06:28:03Z,"<p>■ Induction hob </p>
<p>■ Flex zone/ Bridge function<br><br>■ Automatic pan detection with residual heat indicator<br><br>■ Touch control panel with slider and power boost mode</p>",Default Title,Title,Default Title,73299257229693,https://cdn.shopify.com/s/files/1/0861/4782/5956/files/NERO60.jpg?v=1737786478
14965564637565,J34MCST,,2025-01-25T06:13:17Z,55204800954749,92994.0,0,2025-01-25T06:13:18Z,2025-01-25T06:13:17Z,"<p>■ Combi steam oven with grill, convection and microwave <br><br>■ 48 auto cook menu <br><br>■ Full steam with 1.2L water tank<br><br>■ Temperature range: 50<meta charset=""utf-8"">°C - 220<meta charset=""utf-8"">°C, steam temperature up to 100<meta charset=""utf-8"">°C with fast steam   <br>    generation</p>",Default Title,Title,Default Title,73299207520637,https://cdn.shopify.com/s/files/1/0861/4782/5956/files/J34MCST.png?v=1737785598
14965563523453,DIAMOND 50 MWO,,2025-01-25T06:12:08Z,55204797120893,79354.0,0,2025-01-25T06:12:10Z,2025-01-25T06:12:08Z,"<p> ■ Microwave oven with grill and convection<br><br> ■ 14 cooking modes with combi modes with microwave and grill<br><br> ■ Flat bed cavity (no turntable)<br><br> ■ Temperature range: 50<meta charset=""utf-8"">°C - 250<meta charset=""utf-8"">°C</p>",Default Title,Title,Default Title,73299203588477,https://cdn.shopify.com/s/files/1/0861/4782/5956/files/Diamond50MWO.png?v=1737785530
14965561590141,DIAMOND 77 MWO,,2025-01-25T06:11:15Z,55204790665597,93594.0,0,2025-01-25T06:11:16Z,2025-01-25T06:11:15Z,"<p> ■ Microwave oven with grill and convection<br><br> ■ 14 cooking modes with combi modes with microwave and grill<br><br> ■ Flat bed cavity (no turntable)<br><br> ■ Temperature range: 50<meta charset=""utf-8"">°C - 250<meta charset=""utf-8"">°C</p>",Default Title,Title,Default Title,73299198411133,https://cdn.shopify.com/s/files/1/0861/4782/5956/files/Diamond77MWO.png?v=1737785475
14965552284029,SERENE SI 02,,2025-01-25T06:05:16Z,55204762648957,64393.0,0,2025-01-25T06:05:17Z,2025-01-25T06:05:16Z,"<p>■ Semi-integrated dishwasher with 14 place settings<br><br>■ Dual zone wash function<br><br>■ Low water consumption<br><br>■ 6 Wash programs, third layer cutlery basket, electronic control, delay start</p>",Default Title,Title,Default Title,73365925953917,https://cdn.shopify.com/s/files/1/0861/4782/5956/files/Serene_SI_02_bdda7423-5e62-4659-a5e8-5c3a07fe0928.png?v=1738219725
14965550088573,SERENE FI 02,,2025-01-25T06:03:55Z,55204756128125,61593.0,0,2025-01-25T06:03:56Z,2025-01-25T06:03:55Z,"<p>■ Fully-integrated dishwasher with 14 place settings<br><br>■ Dual zone wash function<br><br>■ Low water consumption<br><br>■ 6 Wash programs, third layer cutlery basket, electronic control, delay start</p>",Default Title,Title,Default Title,73342935662973,https://cdn.shopify.com/s/files/1/0861/4782/5956/files/SERENE_FI_02_51847ad2-294c-4dca-a693-7d03009ceaeb.png?v=1738153702
14965543829885,AMARA 7010W,,2025-01-25T05:59:25Z,55204736631165,33215.0,0,2025-01-25T05:59:26Z,2025-01-25T05:59:25Z,"<p>■ Freestanding Washing Machine <br></p>
<p>■ German Engineering, Compact, BLDC  Motor, Quiet Operation</p>
<p>■ Steam shield<br></p>
<p>■ Eco-wash</p>",Default Title,Title,Default Title,73365926117757,https://cdn.shopify.com/s/files/1/0861/4782/5956/files/Amara-7010W_c98abb8e-d007-4e2e-9e3a-63c6005f5ede.png?v=1738219726
14962016813437,MARIA 28,,2025-01-23T13:15:28Z,55190997926269,28414.0,0,2025-01-23T13:15:28Z,2025-01-23T13:15:28Z,"<p class=""p1"">■ Microwave oven with grill function</p>
<p class=""p1"">■ 900W microwave with 5 power levels</p>
<p class=""p1"">■ 8 auto-cook menu</p>
<p class=""p1"">■ Stainless steel cavity</p>",Default Title,Title,Default Title,73365947449725,https://cdn.shopify.com/s/files/1/0861/4782/5956/files/MARIA-28.png?v=1738220119
14962015568253,AIDA 28,,2025-01-23T13:13:01Z,55190995796349,27950.0,0,2025-01-23T13:13:01Z,2025-01-23T13:13:01Z,"<p class=""p1"">■ Microwave oven with grill</p>
<p class=""p1"">■ 8 auto cook menu, 900W microwave with 5 power levels</p>
<p class=""p1"">■ Stainless steel cavity, 2 combination modes, grill combi with microwave</p>",Default Title,Title,Default Title,73365947285885,https://cdn.shopify.com/s/files/1/0861/4782/5956/files/AIDA-28.png?v=1738220118
14962014191997,ENZO,,2025-01-23T13:10:12Z,55190990553469,36557.0,0,2025-01-23T13:10:12Z,2025-01-23T13:10:12Z,"<p class=""p1"">■ Effortless gourmet cooking</p>
<p class=""p1"">■ Dual performance</p>
<p class=""p1"">■ Sleek and intuitive interface</p>",Default Title,Title,Default Title,73365947548029,https://cdn.shopify.com/s/files/1/0861/4782/5956/files/Enzo-28L-Microwave-with-Grill.png?v=1738220119
14962010161533,RIBB 70,,2025-01-23T13:04:21Z,55190980100477,49294.0,0,2025-01-23T13:04:22Z,2025-01-23T13:04:21Z,"<p class=""p1"">■ 9 Functions</p>
<p class=""p1"">■ Rotisserie and food probe</p>
<p class=""p1"">■ 3 layers glass door</p>
<p class=""p1"">■ 3000W power</p>",Default Title,Title,Default Title,73365974614397,https://cdn.shopify.com/s/files/1/0861/4782/5956/files/RIBB-70.png?v=1738220490
14962009506173,CELIA 70,,2025-01-23T13:03:07Z,55190977151357,50918.0,0,2025-01-23T13:03:08Z,2025-01-23T13:03:07Z,"<p class=""p1"">■ Built-in convection oven</p>
<p class=""p1"">■ Triple glass insulation</p>
<p class=""p1"">■ High-quality enamel</p>
<p class=""p1"">■ Adjustable temperature up to 250°C</p>
<p class=""p1"">■ Food probe</p>
<p class=""p1"">■ 3 level grill variation</p>",Default Title,Title,Default Title,73365974483325,https://cdn.shopify.com/s/files/1/0861/4782/5956/files/CELIA-70.png?v=1738220490
14962007867773,J70BIO PLUS,,2025-01-23T13:00:52Z,55190972563837,56310.0,0,2025-01-23T13:00:53Z,2025-01-23T13:00:52Z,"<p class=""p1"">■ 10 Multi functions</p>
<p class=""p1"">■ Rotisserie function with infra red grilling features</p>
<p class=""p1"">■ Triple insulated glass door</p>
<p class=""p1"">■ 4 Heating elements and food probe</p>",Default Title,Title,Default Title,73279382323581,https://cdn.shopify.com/s/files/1/0861/4782/5956/files/J70BIOPLUS.png?v=1737637336
14962006851965,DIAMOND 77 BIO,,2025-01-23T12:58:43Z,55190967288189,67973.0,0,2025-01-23T12:58:44Z,2025-01-23T12:58:44Z,"<p class=""p1"">■ 10 cooking modes</p>
<p class=""p1"">■ High temperature resistant enameling</p>
<p class=""p1"">■ Cool to touch door with premium design</p>
<p class=""p1"">■ Temperature range: 50<meta charset=""utf-8""><span>°C</span> - 250<meta charset=""utf-8""><span>°C</span> </p>",Default Title,Title,Default Title,73365974385021,https://cdn.shopify.com/s/files/1/0861/4782/5956/files/DIAMOND-77-BIO.png?v=1738220490
14961986142589,VORTEX 460,,2025-01-23T12:25:53Z,55190886646141,25753.0,0,2025-01-23T12:25:54Z,2025-01-23T12:25:54Z,"<p class=""p1"">■ High capacity vortex burners</p>
<p class=""p1"">■ Cast iron pan support with heat protector</p>
<p class=""p1"">■ Burners equipped with Flame Failure Safety Device (FFSD) and Electric auto ignition</p>",Default Title,Title,Default Title,73366138126717,https://cdn.shopify.com/s/files/1/0861/4782/5956/files/vortex-460.png?v=1738221322
14961985421693,VORTEX 470,,2025-01-23T12:23:50Z,55190884811133,31720.0,0,2025-01-23T12:23:50Z,2025-01-23T12:23:50Z,"<p class=""p1"">■ High capacity vortex burners</p>
<p class=""p1"">■ Cast iron pan support with heat protector</p>
<p class=""p1"">■ Burners equipped with Flame Failure Safety Device (FFSD) and Electric auto ignition</p>",Default Title,Title,Default Title,73366144123261,https://cdn.shopify.com/s/files/1/0861/4782/5956/files/Vortex-470.png?v=1738221343
14961983914365,ALTIUS FS 360,,2025-01-23T12:21:15Z,55190880911741,28794.0,0,2025-01-23T12:21:16Z,2025-01-23T12:21:16Z,"<p class=""p1"">■ Fully sealed construction with full brass burners</p>
<p class=""p1"">■ Triple burner: 1 x 4.0kW, medium wok burner: 1 x 2.8kW, dual ring burner: 1 x 1.5kW</p>
<p class=""p1"">■ Light finished bevelled edges with 8 mm toughened glass</p>
<p class=""p1"">■ Burners equipped with Flame Failure Safety Device (FFSD) and Electric auto ignition</p>",Default Title,Title,Default Title,73366047883645,https://cdn.shopify.com/s/files/1/0861/4782/5956/files/ALTIUS-FS-360.png?v=1738220875
14961982833021,ALTIUS FS 460,,2025-01-23T12:19:43Z,55190877176189,30883.0,0,2025-01-23T12:19:43Z,2025-01-23T12:19:43Z,"<p class=""p1"">■ Fully sealed construction with full brass burners</p>
<p class=""p1"">■ Woke burner: 1 x 4.0kW, dual ring burners: 3 x 1.5kW</p>
<p class=""p1"">■ Light finished bevelled edges with 8 mm toughened glass</p>
<p class=""p1"">■ Burners equipped with Flame Failure Safety Device (FFSD) and Electric auto ignition</p>",Default Title,Title,Default Title,73366062367101,https://cdn.shopify.com/s/files/1/0861/4782/5956/files/Altius-Fs-460.png?v=1738220938
14961981751677,VORTEX 000,,2025-01-23T12:17:34Z,55190867739005,42894.0,0,2025-01-23T12:17:34Z,2025-01-23T12:17:34Z,"<p class=""p1"">■ High capacity vortex burners</p>
<p class=""p1"">■ Cast iron pan support with heat protector</p>
<p class=""p1"">■ Burners equipped with Flame Failure Safety Device (FFSD) and Electric auto ignition</p>",Default Title,Title,Default Title,73366131278205,https://cdn.shopify.com/s/files/1/0861/4782/5956/files/Vortex-000.png?v=1738221281
14961980440957,VORTEX 378,,2025-01-23T12:14:51Z,55190860005757,29310.0,0,2025-01-23T12:14:51Z,2025-01-23T12:14:51Z,"<p class=""p1"">■ High capacity vortex burners</p>
<p class=""p1"">■ Cast iron pan support with heat protector</p>
<p class=""p1"">■ Burners equipped with Flame Failure Safety Device (FFSD) and Electric auto ignition</p>",Default Title,Title,Default Title,73366133113213,https://cdn.shopify.com/s/files/1/0861/4782/5956/files/VORTEX-378.png?v=1738221303
14961964777853,VORTEX 480,,2025-01-23T12:14:27Z,55190787621245,32445.0,0,2025-01-23T11:41:17Z,2025-01-23T11:41:17Z,"<p class=""p1"">■ High capacity vortex burners</p>
<p class=""p1"">■ Cast iron pan support with heat protector</p>
<p class=""p1"">■ Burners equipped with Flame Failure Safety Device (FFSD) and Electric auto ignition</p>",Default Title,Title,Default Title,73366149792125,https://cdn.shopify.com/s/files/1/0861/4782/5956/files/vortex-480.png?v=1738221371
14961964581245,VORTEX 490,,2025-01-23T11:40:58Z,55190785819005,34095.0,0,2025-01-23T11:40:59Z,2025-01-23T11:40:58Z,"<p class=""p1"">■ High capacity vortex burners</p>
<p class=""p1"">■ Cast iron pan support with heat protector</p>
<p class=""p1"">■ Burners equipped with Flame Failure Safety Device (FFSD) and Electric auto ignition</p>",Default Title,Title,Default Title,73365451833725,https://cdn.shopify.com/s/files/1/0861/4782/5956/files/VORTEX-490.png?v=1738214450
14961963336061,ZETA PLUS 378,,2025-01-23T11:38:41Z,55190782214525,25794.0,0,2025-01-23T11:38:42Z,2025-01-23T11:38:41Z,"<p class=""p1"">■ Full brass burners with direct flame output</p>
<p class=""p1"">■ Triple ring burners: 2 x 5kW, dual ring burner: 1 x 2kW</p>
<p class=""p1"">■ Gun-metal finish knobs</p>
<p class=""p1"">■ Cast iron pan supports</p>
<p class=""p1"">■ Burners equipped with Flame Failure Safety Device (FFSD) and Electric auto ignition</p>",Default Title,Title,Default Title,73366153953661,https://cdn.shopify.com/s/files/1/0861/4782/5956/files/ZETA-378-PLUS.png?v=1738221393
14961959764349,ZETA PLUS 480,,2025-01-23T11:30:56Z,55190770581885,30010.0,0,2025-01-23T11:30:56Z,2025-01-23T11:30:56Z,"<p class=""p1"">■ Full brass burners with direct flame output</p>
<p class=""p1"">■ Triple ring burner: 1 x 5kW, mini triple ring burner: 1 x 3.5kW, dual ring burners: 2 x 2kW</p>
<p class=""p1"">■ Gun-metal finish knobs</p>
<p class=""p1"">■ Cast iron pan supports</p>
<p class=""p1"">■ Burners equipped with Flame Failure Safety Device (FFSD) and Electric auto ignition</p>",Default Title,Title,Default Title,73366155493757,https://cdn.shopify.com/s/files/1/0861/4782/5956/files/ZETA-480-PLUS.png?v=1738221409
14961959240061,VESTA 480,,2025-01-23T11:29:49Z,55190768320893,27495.0,0,2025-01-23T11:29:50Z,2025-01-23T11:29:49Z,"<p class=""p1"">■ Anti-drip burners with direct flame output</p>
<p class=""p1"">■ 8 mm tempered glass panel</p>
<p class=""p1"">■ Wok burner: 1 x 3.6kW, medium burner: 1 x 2.5kW, small burners: 2 x 1.5kW</p>
<p class=""p1"">■ Burners equipped with Flame Failure Safety Device (FFSD) and Electric auto ignition</p>",Default Title,Title,Default Title,73366122398077,https://cdn.shopify.com/s/files/1/0861/4782/5956/files/Vesta-480.png?v=1738221246
14961958977917,VESTA 490,,2025-01-23T11:29:29Z,55190767960445,29495.0,0,2025-01-23T11:29:31Z,2025-01-23T11:29:29Z,"<p class=""p1"">■ Anti-drip burners with direct flame output</p>
<p class=""p1"">■ 8 mm tempered glass panel</p>
<p class=""p1"">■ Wok burners: 2 x 3.6kW, small burners: 2 x 1.5kW</p>
<p class=""p1"">■ Burners equipped with Flame Failure Safety Device (FFSD) and Electric auto ignition</p>",Default Title,Title,Default Title,73366126788989,https://cdn.shopify.com/s/files/1/0861/4782/5956/files/VESTA-490.png?v=1738221261
14961957962109,ALTIUS FS 130,,2025-01-23T11:27:39Z,55190764028285,16793.0,0,2025-01-23T11:27:40Z,2025-01-23T11:27:39Z,"<p class=""p1"">■ Fully sealed construction with full brass burners</p>
<p class=""p1"">■ 4.0kW triple ring burner</p>
<p class=""p1"">■ Light finished bevelled edges with</p>
<p class=""p1"">8 mm toughened glass</p>
<p class=""p1"">■ Burners equipped with Flame Failure Safety</p>
<p class=""p1"">Device (FFSD) and Electric auto ignition</p>",Default Title,Title,Default Title,73366042313085,https://cdn.shopify.com/s/files/1/0861/4782/5956/files/ALTIUS-FS-130_da61926e-acda-44cd-ae04-5208ada3817c.png?v=1738220856
14961956749693,ALTIUS FS 230,,2025-01-23T11:24:20Z,55190758949245,20293.0,0,2025-01-23T11:24:21Z,2025-01-23T11:24:20Z,"<p class=""p1"">■ Fully sealed construction with full brass burners</p>
<p class=""p1"">■ 2.8kW mini triple ring burner, 1.5 kW dual ring burner</p>
<p class=""p1"">■ Light finished bevelled edges with 8 mm toughened glass</p>
<p class=""p1"">■ Burners equipped with Flame Failure Safety Device (FFSD) and Electric auto ignition</p>",Default Title,Title,Default Title,73366037299581,https://cdn.shopify.com/s/files/1/0861/4782/5956/files/ALTIUS-FS-230.png?v=1738220837
14961955864957,ALTIUS FS 378,,2025-01-23T11:22:03Z,55190755017085,31466.0,0,2025-01-23T11:22:05Z,2025-01-23T11:22:03Z,"<p class=""p1"">■ Fully sealed construction with full brass burners</p>
<p class=""p1"">■ Wok burners: 2 x 4.0kW, dual ring burner: 1 x 1.5kW</p>
<p class=""p1"">■ Light finished bevelled edges with 8 mm toughened glass</p>
<p class=""p1"">■ Burners equipped with Flame Failure Safety Device (FFSD) and Electric auto ignition</p>",Default Title,Title,Default Title,73366083109245,https://cdn.shopify.com/s/files/1/0861/4782/5956/files/ALTIUS-FS-378_f4a7439b-7479-447c-9320-57000194441c.png?v=1738221062
14961953964413,ALTIUS FS 390,,2025-01-23T11:17:59Z,55190746235261,34794.0,0,2025-01-23T11:18:01Z,2025-01-23T11:17:59Z,"<p class=""p1"">■ Fully sealed construction with full brass burners</p>
<p class=""p1"">■ Wok burners: 2 x 4.0kW, dual ring burner: 1 x 1.5kW</p>
<p class=""p1"">■ Light finished bevelled edges with 8 mm toughened glass</p>
<p class=""p1"">■ Burners equipped with Flame Failure Safety Device (FFSD) and Electric auto ignition</p>",Default Title,Title,Default Title,73366056927613,https://cdn.shopify.com/s/files/1/0861/4782/5956/files/ALTIUS-FS-390.png?v=1738220918
14961953145213,ALTIUS FS 480,,2025-01-23T11:16:04Z,55190744105341,36824.0,0,2025-01-23T11:16:05Z,2025-01-23T11:16:04Z,"<p class=""p1"">■ Fully sealed construction with full brass burners</p>
<p class=""p1"">■ Wok burner: 1 x 4.0kW, medium wok burner: 1 x 2.8kW, dual ring burner: 2 x 1.5kW</p>
<p class=""p1"">■ Light finished bevelled edges with 8mm toughened glass</p>
<p class=""p1"">■ Burners equipped with Flame Failure Safety Device (FFSD) and Electric auto ignition</p>",Default Title,Title,Default Title,73366066299261,https://cdn.shopify.com/s/files/1/0861/4782/5956/files/ALTIUS-FS-480.png?v=1738220956
14961952260477,ALTIUS FS 490,,2025-01-23T11:14:41Z,55190742073725,39878.0,0,2025-01-23T11:14:42Z,2025-01-23T11:14:41Z,"<p class=""p1"">■ Fully sealed construction with full brass burners</p>
<p class=""p1"">■ Wok burner: 2 x 4.0kW, dual ring burner: 2 x 1.5kW</p>
<p class=""p1"">■ Light finished bevelled edges with 8mm toughened glass</p>
<p class=""p1"">■ Burners equipped with Flame Failure Safety Device (FFSD) and Electric auto ignition</p>",Default Title,Title,Default Title,73366071542141,https://cdn.shopify.com/s/files/1/0861/4782/5956/files/ALTIUS-FS-490.png?v=1738220979
14961951015293,ALTIUS PLUS 000,,2025-01-23T11:12:52Z,55190739288445,51823.0,0,2025-01-23T11:12:53Z,2025-01-23T11:12:52Z,"<p class=""p1"">■ Fully sealed full brass burner</p>
<p class=""p1"">■ Insta ignition</p>
<p class=""p1"">■ Cordless hob</p>",Default Title,Title,Default Title,73366075375997,https://cdn.shopify.com/s/files/1/0861/4782/5956/files/ALTIUS-PLUS-_000.png?v=1738221004
14961950294397,ALTIUS PLUS 378,,2025-01-23T11:10:40Z,55190737518973,39593.0,0,2025-01-23T11:10:41Z,2025-01-23T11:10:40Z,"<p class=""p1"">■ Fully sealed full brass burner</p>
<p class=""p1"">■ Insta ignition</p>
<p class=""p1"">■ Cordless hob</p>",Default Title,Title,Default Title,73366090809725,https://cdn.shopify.com/s/files/1/0861/4782/5956/files/Altius-Plus-378_a0a682b0-eeef-4318-b34f-4266ab0923a3.png?v=1738221081
14961949802877,ALTIUS PLUS 390,,2025-01-23T11:09:32Z,55190735126909,44093.0,0,2025-01-23T11:09:33Z,2025-01-23T11:09:32Z,"<p class=""p1"">■ Fully sealed full brass burner</p>
<p class=""p1"">■ Insta ignition</p>
<p class=""p1"">■ Cordless hob</p>",Default Title,Title,Default Title,73366097985917,https://cdn.shopify.com/s/files/1/0861/4782/5956/files/ALTIUS-PLUS-390.png?v=1738221101
14961900323197,ALTIUS PLUS 490,,2025-01-23T11:03:10Z,55190622273917,48993.0,0,2025-01-23T11:03:11Z,2025-01-23T11:03:10Z,"<p class=""p1"">■ Fully sealed full brass burner</p>
<p class=""p1"">■ Tru matt design</p>
<p class=""p1"">■ Insta ignition</p>
<p class=""p1"">■ Cordless hob</p>",Default Title,Title,Default Title,73366101557629,https://cdn.shopify.com/s/files/1/0861/4782/5956/files/ALTIUS-PLUS-490.png?v=1738221121
14961895473533,ALTIUS PLUS MATT GLASS 390,,2025-01-23T11:01:52Z,55190615851389,46193.0,0,2025-01-23T11:00:52Z,2025-01-23T11:00:52Z,"<p class=""p1"">■ Fully sealed full brass burner</p>
<p class=""p1"">■ Tru matt design</p>
<p class=""p1"">■ Insta ignition</p>
<p class=""p1"">■ Cordless hob</p>",Default Title,Title,Default Title,73277763617149,https://cdn.shopify.com/s/files/1/0861/4782/5956/files/ALTIUSPLUS390.png?v=1737630077
14961888526717,ALTIUS PLUS MATT GLASS 490,,2025-01-23T10:47:00Z,55190590095741,50765.0,0,2025-01-23T10:47:00Z,2025-01-23T10:47:00Z,"<p class=""p1"">■ Fully sealed full brass burner</p>
<p class=""p1"">■ Tru matt design</p>
<p class=""p1"">■ Insta ignition</p>
<p class=""p1"">■ Cordless hob</p>",Default Title,Title,Default Title,73277538533757,https://cdn.shopify.com/s/files/1/0861/4782/5956/files/ALTIUSFS490.png?v=1737629272
14961888395645,CRONUS DIGI-STEP 378,,2025-01-23T10:46:32Z,55190589669757,48903.0,0,2025-01-23T10:46:34Z,2025-01-23T10:46:32Z,"<p class=""p1"">■ Heavy duty full brass burners</p>
<p class=""p1"">■ Multi timer control</p>
<p class=""p1"">■ Graduated Flame Tech (G.F.T)</p>
<p class=""p1"">■ Insta ignition</p>",Default Title,Title,Default Title,73366111224189,https://cdn.shopify.com/s/files/1/0861/4782/5956/files/Cronus_378.png?v=1738221156
14961880498557,VETRA ISOLA 90,,2025-01-23T10:28:38Z,55190548414845,50214.0,0,2025-01-23T10:28:40Z,2025-01-23T10:28:38Z,"<p class=""p1"">■ Island cooker hood with full glass panel &amp; perimetric suction</p>
<p class=""p1"">■ Full touch control with LCD display</p>
<p class=""p1"">■ Aluminum mesh filters</p>
<p class=""p1"">■ Digital timer function</p>",Default Title,Title,Default Title,73366009741693,https://cdn.shopify.com/s/files/1/0861/4782/5956/files/VETRA_ISOLA_90_49108269-d560-493f-a8a7-b1b8a5868e83.png?v=1738220668
14961878532477,CALLIDORA 90,,2025-01-23T10:26:14Z,55190544449917,65093.0,0,2025-01-23T10:26:15Z,2025-01-23T10:26:14Z,"<p class=""p1"">■ 80W BLDC (Brushless DC) motor</p>
<p class=""p1"">■ Gesture + feather touch control panel</p>
<p class=""p1"">■ Perimetric airflow technology</p>",Default Title,Title,Default Title,73365931590013,https://cdn.shopify.com/s/files/1/0861/4782/5956/files/CALLIDORA-90.png?v=1738219806
14961878303101,IVARAA 60,,2025-01-23T10:25:48Z,55190543991165,24045.0,0,2025-01-23T10:25:50Z,2025-01-23T10:25:48Z,"<p class=""p1"">■ Electronic iris touch control,</p>
<p class=""p1"">■ Powerful 255W motor for extra strong suction</p>
<p class=""p1"">■ Filter free hood with auto-open smoke panel</p>",Default Title,Title,Default Title,73277203546493,https://cdn.shopify.com/s/files/1/0861/4782/5956/files/IVARAA60.png?v=1737627925
14961877647741,DATURA PLUS 60,,2025-01-23T10:24:51Z,55190542778749,24434.0,0,2025-01-23T10:24:52Z,2025-01-23T10:24:51Z,"<p class=""p1"">■ Feather touch control panel</p>
<p class=""p1"">■ Anti drip oil filtration system</p>
<p class=""p1"">■ Powerful suction with 195W motor</p>",Default Title,Title,Default Title,73365939159421,https://cdn.shopify.com/s/files/1/0861/4782/5956/files/DATURA-PLUS-60.png?v=1738219909
14961877188989,TERESA T-60 BLDC,,2025-01-23T10:23:45Z,55190541107581,30875.0,0,2025-01-23T10:23:46Z,2025-01-23T10:23:45Z,"<p class=""p1"">■ Vibrant Intuitive display</p>
<p class=""p1"">■ Smart Auto clean</p>
<p class=""p1"">■ Silent B.L.D.C Motor</p>
<p class=""p1"">■ Gesture control</p>",Default Title,Title,Default Title,73365991489917,https://cdn.shopify.com/s/files/1/0861/4782/5956/files/Teresa-Neo-T-60_98c70b0c-8f48-45a9-8f72-191115492e3a.png?v=1738220555
14961876468093,TERESA NEO I-60 BLDC,,2025-01-23T10:21:43Z,55190538584445,39000.0,0,2025-01-23T10:21:45Z,2025-01-23T10:21:43Z,"<p class=""p1"">■ Auto Sense Technology</p>
<p class=""p1"">■ Vibrant intuitive display</p>
<p class=""p1"">■ Silent B.L.D.C Motor</p>
<p class=""p1"">■ Gesture control</p>",Default Title,Title,Default Title,73365979955581,https://cdn.shopify.com/s/files/1/0861/4782/5956/files/Teresa-Neo-INCLINED-60_550cf534-42ee-45a4-9c18-ec9815f861f2.png?v=1738220511
14961876238717,DATURA NEO 90,,2025-01-23T10:20:20Z,55190538158461,29320.0,0,2025-01-23T10:20:21Z,2025-01-23T10:20:20Z,"<p class=""p1"">■ Gesture + feather touch control panel</p>
<p class=""p1"">■ Filter-free cookerhood</p>
<p class=""p1"">■ Heat auto clean technology with anti-drip oil filtration system</p>",Default Title,Title,Default Title,73365936832893,https://cdn.shopify.com/s/files/1/0861/4782/5956/files/DATURA-NEO-90.png?v=1738219870
14961875976573,VETRA 90,,2025-01-23T10:18:57Z,55190537077117,45553.0,0,2025-01-23T10:18:59Z,2025-01-23T10:18:58Z,"<p class=""p1"">■ Powerful perimetric suction</p>
<p class=""p1"">■ Full touch function</p>
<p class=""p1"">■ Easy clean aluminum mesh filter</p>",Default Title,Title,Default Title,73366003974525,https://cdn.shopify.com/s/files/1/0861/4782/5956/files/VETRA_90_43cb597e-06f8-499f-bd8e-e9ec6f0274f1.png?v=1738220653
14961875714429,FRIDA 75,,2025-01-23T10:17:31Z,55190536225149,43058.0,0,2025-01-23T10:17:32Z,2025-01-23T10:17:31Z,"<p class=""p1"">■ Anti-drip oil filtration system</p>
<p class=""p1"">■ Powerful 260W motor</p>
<p class=""p1"">■ Touch control</p>
<p class=""p1"">■ Oil collector with eyelet view</p>",Default Title,Title,Default Title,73365925331325,https://cdn.shopify.com/s/files/1/0861/4782/5956/files/FRIDA-75.png?v=1738219706
14961875517821,LEO 90 PLUS,,2025-01-23T10:16:02Z,55190535831933,28895.0,0,2025-01-23T10:16:03Z,2025-01-23T10:16:02Z,"<p class=""p1"">■ Feather touch control</p>
<p class=""p1"">■ 250W motor for extra strong suction</p>
<p class=""p1"">■ 2 Speed+Boost function</p>
<p class=""p1"">■ Filter Free Hood with big easy to clean oil collector</p>",Default Title,Title,Default Title,73365940896125,https://cdn.shopify.com/s/files/1/0861/4782/5956/files/LEO-90-PLUS.png?v=1738219952
14961875288445,TERESA 90 PLUS,,2025-01-23T10:14:59Z,55190534160765,29755.0,0,2025-01-23T10:15:01Z,2025-01-23T10:14:59Z,"<p class=""p1"">■ Powerful 258W motor for extra strong suction</p>
<p class=""p1"">■ Auto-open smoke panel</p>
<p class=""p1"">■ Feather touch control panel</p>
<p class=""p1"">■ 97% air filtration rate</p>",Default Title,Title,Default Title,73365959147901,https://cdn.shopify.com/s/files/1/0861/4782/5956/files/TERESA-90-PLUS.png?v=1738220252
14961874993533,RHINE 90,,2025-01-23T10:13:30Z,55190533013885,38110.0,0,2025-01-23T10:13:31Z,2025-01-23T10:13:30Z,"<p class=""p1"">■ Filter-free cookerhood with 280W motor</p>
<p class=""p1"">■ Gesture control + feather touch control panel</p>
<p class=""p1"">■ Heat auto clean technology</p>
<p class=""p1"">■ Headfree design with auto-open smoke panel</p>",Default Title,Title,Default Title,73365943189885,https://cdn.shopify.com/s/files/1/0861/4782/5956/files/RHINE-90.png?v=1738220018
14961874600317,FRIDA 90,,2025-01-23T10:12:17Z,55190528786813,45865.0,0,2025-01-23T10:12:18Z,2025-01-23T10:12:17Z,"<p class=""p1"">■ Anti-drip oil filtration system</p>
<p class=""p1"">■ Powerful 260W motor</p>
<p class=""p1"">■ Touch control</p>
<p class=""p1"">■ Oil collector with eyelet view</p>",Default Title,Title,Default Title,73365939847549,https://cdn.shopify.com/s/files/1/0861/4782/5956/files/FRIDA-90.png?v=1738219930
14961873944957,BISCOTTI 80,,2025-01-23T10:10:38Z,55190527410557,46698.0,0,2025-01-23T10:10:40Z,2025-01-23T10:10:38Z,"<p class=""p1"">■ Low noise operation</p>
<p class=""p1"">■ Powerful extraction with 151W German EBM BLDC (Brushless DC) motor</p>
<p class=""p1"">■ Perimeteric extraction panel</p>",Default Title,Title,Default Title,73365930410365,https://cdn.shopify.com/s/files/1/0861/4782/5956/files/BISCOTTI-80.png?v=1738219776
14961873060221,TERESA T-90 BLDC,,2025-01-23T10:08:17Z,55190522495357,36750.0,0,2025-01-23T10:08:18Z,2025-01-23T10:08:17Z,"<p class=""p1"">■ Vibrant Intuitive display</p>
<p class=""p1"">■ Smart Auto clean</p>
<p class=""p1"">■ Silent B.L.D.C Motor</p>
<p class=""p1"">■ Gesture control</p>",Default Title,Title,Default Title,73366000435581,https://cdn.shopify.com/s/files/1/0861/4782/5956/files/Teresa-Neo-T-90.png?v=1738220633
14961872732541,AELLA 90,,2025-01-23T10:07:10Z,55190521971069,44682.0,0,2025-01-23T10:07:11Z,2025-01-23T10:07:10Z,"<p class=""p1"">■ Powerful 150W BLDC (Brushless DC) motor</p>
<p class=""p1"">■ Steam wash function</p>
<p class=""p1"">■ Gesture + feather touch control panel</p>
<p class=""p1"">■ Filter-free cookerhood</p>",Default Title,Title,Default Title,73365926150525,https://cdn.shopify.com/s/files/1/0861/4782/5956/files/AELLA-90.png?v=1738219728
14961872404861,CERAMICA 90,,2025-01-23T10:05:57Z,55190520529277,44657.0,0,2025-01-23T10:05:59Z,2025-01-23T10:05:57Z,"<p class=""p1"">■ Ceramic textured finish,</p>
<p class=""p1"">■ Head-free design with auto-open smoke panel</p>
<p class=""p1"">■ Feather touch control</p>
<p class=""p1"">■ Powerful 268W motor with 96% air filtration rate</p>",Default Title,Title,Default Title,73365932343677,https://cdn.shopify.com/s/files/1/0861/4782/5956/files/CERAMICA-90.png?v=1738219830
14959530213757,NERO 30,,2025-01-22T06:31:49Z,55176790671741,26633.0,0,2025-01-22T06:31:50Z,2025-01-22T06:31:49Z,"<p class=""p1""><span class=""s1"">■ </span>Induction hob</p>
<p class=""p1""><span class=""s1"">■ </span>Flex zone/ Bridge function</p>
<p class=""p1""><span class=""s1"">■ </span>Automatic pan detection with residual heat indicator</p>
<p class=""p1""><span class=""s1"">■ </span>Touch control panel with slider</p>",Default Title,Title,Default Title,73365816115581,https://cdn.shopify.com/s/files/1/0861/4782/5956/files/NERO-30.png?v=1738218652
14957815824765,DIAMOND 77 CST,,2025-01-21T11:54:40Z,55171228893565,96506.0,0,2025-01-21T11:54:42Z,2025-01-21T11:54:40Z,"<p class=""p1""><span class=""s1"">■ </span>Convection &amp; assisted steam oven with grill</p>
<p class=""p1""><span class=""s1"">■ </span>14 cooking modes with combi modes with steam and grill (temperature range from (30<meta charset=""utf-8""><span>°</span>C - 250<span class=""s2""><meta charset=""utf-8"">
<span>°</span></span>C)</p>
<p class=""p1""><span class=""s1"">■ </span>Telescopic shelf supports</p>
<p class=""p1""><span class=""s1"">■ </span>Rotisserie and meat probe</p>
<p class=""p1""><span class=""s1"">■ </span>Dough proving (30<span class=""s2""><meta charset=""utf-8"">
<span>°</span></span>C - 45<span class=""s2""><meta charset=""utf-8"">
<span>°</span></span>C) and sabbath mode</p>",Default Title,Title,Default Title,73252550934909,https://cdn.shopify.com/s/files/1/0861/4782/5956/files/DIAMOND_77_CST.png?v=1737463458
14957813432701,MIDORA 81,,2025-01-21T11:52:49Z,55171221717373,119994.0,0,2025-01-21T11:52:50Z,2025-01-21T11:52:49Z,"<p class=""p1""><span class=""s1"">■ </span>Combi Steam Oven</p>
<p class=""p1""><span class=""s1"">■ </span>Revolutionary steam tech</p>
<p class=""p1""><span class=""s1"">■ </span>Versatile cooking modes</p>
<p class=""p1""><span class=""s1"">■ </span>Soft Open /close and Food Probe</p>",Default Title,Title,Default Title,73365815329149,https://cdn.shopify.com/s/files/1/0861/4782/5956/files/Midora-Steam-Oven.png?v=1738218628
14957809566077,AMARA 8014W,,2025-01-21T11:50:02Z,55171208216957,38610.0,0,2025-01-21T11:50:03Z,2025-01-21T11:50:02Z,"<p class=""p1""><span class=""s1"">■ </span>Freestanding Washing Machine</p>
<p class=""p1""><span class=""s1"">■ </span>German Engineering, Compact, BLDC Motor, Quiet Operation</p>
<p class=""p1""><span class=""s1"">■ </span>Steam shield</p>
<p class=""p1""><span class=""s1"">■ </span>Eco-wash</p>",Default Title,Title,Default Title,73365926084989,https://cdn.shopify.com/s/files/1/0861/4782/5956/files/Amara-8014W_ac2baeaf-392e-46f8-a074-e04161e2721a.png?v=1738219726
14957808255357,AMARA 9014W,,2025-01-21T11:49:09Z,55171204776317,42185.0,0,2025-01-21T11:49:10Z,2025-01-21T11:49:09Z,"<p class=""p1""><span class=""s1"">■ </span>Freestanding Washing Machine</p>
<p class=""p1""><span class=""s1"">■ </span>German Engineering, Compact, BLDC Motor, Quiet Operation</p>
<p class=""p1""><span class=""s1"">■ </span>Steam shield</p>
<p class=""p1""><span class=""s1"">■ </span>Eco-wash</p>",Default Title,Title,Default Title,73365926052221,https://cdn.shopify.com/s/files/1/0861/4782/5956/files/Amara-9014W_b5728d6a-971b-4a11-97da-cbcd5f8d3e2c.png?v=1738219726
14957805863293,ACERO 15 S.I,,2025-01-21T11:47:26Z,55171195339133,69293.0,0,2025-01-21T11:47:27Z,2025-01-21T11:47:26Z,"<p class=""p1""><span class=""s1"">■ </span>Advanced germ shield</p>
<p class=""p1""><span class=""s1"">■ </span>Eco-ffficient half load</p>
<p class=""p1""><span class=""s1"">■ </span>VersaFlex baskets</p>",Default Title,Title,Default Title,73365925691773,https://cdn.shopify.com/s/files/1/0861/4782/5956/files/Acero-SI-15PS_f4a22f59-e546-4f8d-93d6-3aabe8e590cb.png?v=1738219716
14957802062205,VALERIYA 15 S.I,,2025-01-21T11:45:02Z,55171184263549,86093.0,0,2025-01-21T11:45:03Z,2025-01-21T11:45:02Z,"<p class=""p1""><span class=""s1"">■ </span>Vibrant intuitive display</p>
<p class=""p1""><span class=""s1"">■ </span>UV disinfection</p>
<p class=""p1""><span class=""s1"">■ Energy-efficient, </span>quiet operation</p>",Default Title,Title,Default Title,73365926019453,https://cdn.shopify.com/s/files/1/0861/4782/5956/files/Valeriya-SI-15PS_80ea7769-7d48-4627-8746-a136d81d87a9.png?v=1738219726
14957796360573,J34MWO PLUS,,2025-01-21T11:41:39Z,55171165389181,43436.0,0,2025-01-21T11:41:40Z,2025-01-21T11:41:39Z,"<p class=""p1""><span class=""s1"">■ </span>Microwave oven with convection</p>
<p class=""p1""><span class=""s1"">■ </span>Touch open door</p>
<p class=""p1""><span class=""s1"">■ </span>1000W microwave with 5 power levels, 1000W grill</p>
<p class=""p1""><span class=""s1"">■ </span>3 Heating elements (including grill element) with 4 combination cooking modes</p>",Default Title,Title,Default Title,73365947482493,https://cdn.shopify.com/s/files/1/0861/4782/5956/files/J34MWO-PLUS.png?v=1738220119
14957794001277,DIAMOND 34 MWO,,2025-01-21T11:39:49Z,55171157524861,54113.0,0,2025-01-21T11:39:51Z,2025-01-21T11:39:49Z,"<p class=""p1""><span class=""s1"">■ </span>Built-in microwave with grill and convection</p>
<p class=""p1""><span class=""s1"">■ </span>10 primary cooking modes, 4 combination modes</p>
<p class=""p1""><span class=""s1"">■ </span>5 microwave power levels, 1100W grill and 2300W convection</p>",Default Title,Title,Default Title,73365947416957,https://cdn.shopify.com/s/files/1/0861/4782/5956/files/DIAMOND-34-MWO.png?v=1738220119
14957789249917,DIAMOND ORB 77 BIO,,2025-01-21T11:35:54Z,55171144352125,70922.0,0,2025-01-21T11:35:56Z,2025-01-21T11:35:54Z,"<p class=""p1""><span class=""s1"">■ </span>LED knob touch control</p>
<p class=""p1""><span class=""s1"">■ </span>14 cooking modes with temperature range from <meta charset=""utf-8""><em>30</em><span>°C</span> - 250<meta charset=""utf-8""><span>°C</span> </p>
<p class=""p1""><span class=""s1"">■ </span>Telescopic shelf supports</p>
<p class=""p1""><span class=""s1"">■ </span>Rotisserie and meat probe</p>
<p class=""p1""><span class=""s1"">■ </span>Sabbath mode</p>",Default Title,Title,Default Title,73365974712701,https://cdn.shopify.com/s/files/1/0861/4782/5956/files/DIAMOND-ORB-77L-BIO.png?v=1738220490
14957786464637,IRIS 70,,2025-01-21T11:34:04Z,55171133866365,93933.0,0,2025-01-21T11:34:06Z,2025-01-21T11:34:04Z,"<p class=""p1""><span class=""s1"">■ </span>70L TFT built-in Oven with 10 multi functions Including rotisserie function</p>
<p class=""p1""><span class=""s1"">■ </span>Advanced electronic touch control</p>
<p class=""p1""><span class=""s1"">■ </span>Triple insulated glass door</p>
<p class=""p1""><span class=""s1"">■ </span>4 Heating element</p>",Default Title,Title,Default Title,73365974679933,https://cdn.shopify.com/s/files/1/0861/4782/5956/files/IRIS-70.png?v=1738220490
14957781844349,CRONUS DIGI-STEP 480,,2025-01-21T11:31:38Z,55171119350141,55108.0,0,2025-01-21T11:31:40Z,2025-01-21T11:31:38Z,"<p class=""p1""><span class=""s1"">■ </span>Heavy duty full brass burners</p>
<p class=""p1""><span class=""s1"">■ </span>Multi timer control</p>
<p class=""p1""><span class=""s1"">■ </span>Graduated Flame Tech (G.F.T)</p>
<p class=""p1""><span class=""s1"">■ </span>Insta ignition</p>",Default Title,Title,Default Title,73366113354109,https://cdn.shopify.com/s/files/1/0861/4782/5956/files/Cronus_480_c3846dd3-e25a-42f7-bf06-70b3a2e0d4d5.png?v=1738221177
14957781483901,CRONUS DIGI-STEP 590,,2025-01-21T11:30:49Z,55171118563709,61266.0,0,2025-01-21T11:30:51Z,2025-01-21T11:30:49Z,"<p class=""p1""><span class=""s1"">■ </span>Heavy duty full brass burners</p>
<p class=""p1""><span class=""s1"">■ </span>Multi timer control</p>
<p class=""p1""><span class=""s1"">■ </span>Graduated Flame Tech (G.F.T)</p>
<p class=""p1""><span class=""s1"">■ </span>Insta ignition</p>",Default Title,Title,Default Title,73366116335997,https://cdn.shopify.com/s/files/1/0861/4782/5956/files/Cronus_590_f9f5bec4-3e00-4b22-9e78-0b8cf6ff345a.png?v=1738221193
14957580059005,TERESA NEO I-75 BLDC,,2025-01-21T09:51:09Z,55170585330045,44880.0,0,2025-01-21T09:51:10Z,2025-01-21T09:51:09Z,"<p class=""p1""><span class=""s1"">■ </span>Auto Sense Technology</p>
<p class=""p1""><span class=""s1"">■ </span>Vibrant intuitive display</p>
<p class=""p1""><span class=""s1"">■ </span>Silent B.L.D.C Motor</p>
<p class=""p1""><span class=""s1"">■ </span>Gesture control</p>",Default Title,Title,Default Title,73365963735421,https://cdn.shopify.com/s/files/1/0861/4782/5956/files/Teresa-Neo-INCLINED-75.png?v=1738220362
14957575963005,TERESA NEO I-90 BLDC,,2025-01-21T09:48:17Z,55170573959549,52560.0,0,2025-01-21T09:48:18Z,2025-01-21T09:48:17Z,"<p class=""p1""><span class=""s1"">■ </span>Auto Sense Technology</p>
<p class=""p1""><span class=""s1"">■ </span>Vibrant intuitive display</p>
<p class=""p1""><span class=""s1"">■ </span>Silent B.L.D.C Motor</p>
<p class=""p1""><span class=""s1"">■ </span>Gesture control</p>",Default Title,Title,Default Title,73365964915069,https://cdn.shopify.com/s/files/1/0861/4782/5956/files/Teresa-Neo-INCLINED-90.png?v=1738220388
